centre_number,orbit_index,x,y,local_dimension,intercept,r_squared,fit_points,min_fit_count,max_fit_count
0,74,0.4302226876778682,0.20796590812948054,1.361707286135262,0.579840127393275,0.9926273659654254,14,80.0,7245.0
1,113,1.069211391277272,0.09396374307510369,0.944463104239289,-0.3401416634822604,0.9730981876576448,14,228.0,6545.0
2,121,1.1968845579932177,-0.06310798548514296,1.4282306493820704,0.5467188940667638,0.9835850506019689,14,56.0,6694.0
3,293,-0.6914485786277038,-0.3642543800591074,0.976097154867974,-2.3237872980228835,0.9990576959763673,14,34.0,1025.0
4,336,-0.7380139736431371,0.3230729948173671,1.2227703594671804,-0.7256158285599587,0.9944512422637475,14,42.0,2706.0
5,408,0.9163709933456514,-0.15653449547841805,1.3976618269402743,0.3877969524788241,0.879519037429848,14,22.0,3261.0
6,448,-0.44568299462912286,-0.26166362090647566,1.1694881977426104,-1.8253882201155671,0.9737575966688152,14,23.0,2055.0
7,487,0.7627265973227032,0.1659968095858002,1.2179016666830347,-0.19628331987784786,0.9978829754695555,14,70.0,5237.0
8,792,-0.8615263576050468,0.3366302387460072,1.0782052010944456,-0.9098424577997861,0.9939585211496201,14,88.0,3237.0
9,955,-1.03711045416874,0.355585665879958,1.4154785455766783,0.36622256976932094,0.981133945706225,14,38.0,3971.0
10,1088,0.6325671454447322,0.12464561276038608,1.4253067132100474,0.35072784781277583,0.9798911875900769,14,46.0,7371.0
11,1267,1.272584120461193,-0.01653920228518659,0.9776330021176952,-0.49174805166383373,0.9987702828203133,14,206.0,6637.0
12,1546,0.49248945900395635,0.16378774981655297,1.5540779398022966,0.7247281458156856,0.9794877436692168,14,33.0,6867.0
13,1806,-1.0085107593071576,0.36375120737761707,1.2049560803446988,-0.3854740705195506,0.9967023499576139,14,62.0,3749.0
14,2759,1.2366109358163344,-0.0588931290452018,1.2276737705363232,0.15626250948560633,0.99788728923923,14,97.0,7024.0
15,2912,0.1810843909144896,0.24996187955063048,1.2901131848576615,-0.33931915919671124,0.9946033734420522,14,47.0,3677.0
16,3171,-0.43924671613040656,0.31495569093844117,1.2022762017431632,-0.4265859301384545,0.9916804496804934,14,67.0,4373.0
17,3557,-1.0151535629861834,0.35172404754590775,1.3963404485573545,0.2025742679616896,0.9878254017355677,14,39.0,3789.0
18,4110,0.0033309369779236098,0.2273988652558756,1.301891900794835,-0.9537368668711915,0.9695702230735467,14,26.0,2578.0
19,4141,-0.34455963791120103,0.27647331442306633,1.1902221962957291,-0.5106472007749931,0.9929000200825668,14,63.0,3811.0
20,4396,0.5435676669713438,-0.09096761338729326,1.0870546700949448,-1.4625799379404438,0.9920177665518255,14,48.0,2111.0
21,4447,0.9159792940176962,0.13610252645308454,1.2195283370982888,0.0612681407733997,0.9925339667869718,14,76.0,5302.0
22,4500,1.1907710270607952,-0.06660813346857954,1.4973587796002146,0.7238804555014409,0.9882419632227091,14,41.0,6269.0
23,4585,-0.7545672852564114,0.3432546187218441,1.3223464328009922,-0.4556622610783993,0.9877859913345756,14,36.0,2779.0
24,4804,-0.435182638009062,-0.2604146564390733,1.023320385251755,-2.2911862536142094,0.9534587350754002,14,30.0,2044.0
25,4893,-0.9081208377235819,-0.38360028618626785,0.7390639540981948,-2.137415939585831,0.9602441494423489,14,130.0,1653.0
26,5430,-1.1437481580814732,0.3695240760447189,0.7860237255827051,-1.4557356390813874,0.9970693796244441,14,220.0,4120.0
27,5524,0.8416174641181653,0.14343895015442515,1.4854354184752832,0.6878467112376268,0.9781039376004255,14,28.0,4572.0
28,5613,1.045394547256677,0.10822790267389727,1.439116213156232,1.0959090501465936,0.9763716349638903,14,51.0,6791.0
29,5757,0.30714544904545144,0.20911241903074745,0.813422681281285,-0.882425824280761,0.9942674299573845,14,353.0,6787.0
30,5854,-1.0577628143846225,0.3578543536208675,1.348485470789945,0.2502742905329913,0.9675054544585069,14,44.0,4292.0
31,6469,-0.9302297175610049,0.3576657821300619,1.3375393334031882,-0.1188266563059399,0.9938421211022087,14,37.0,3444.0
32,6473,1.010025329862431,0.1126144579920924,1.2908385410350929,0.5491563215722526,0.9819927442622239,14,58.0,7117.0
33,6586,-1.2782882102948678,0.3812372130918777,0.4981167783108467,-2.325726845738927,0.9649071861227067,14,424.0,2911.0
34,6684,-0.7083456088101726,-0.36630111433042656,0.9380902439909387,-2.4008805892435627,0.9987509677231573,14,38.0,1072.0
35,6844,0.663086666578843,0.1843539890486045,1.2917417504310111,0.020946533213929835,0.9970962893552472,14,56.0,5713.0
36,6964,-0.10295183912755379,0.28152335100800496,1.1170145071086939,-1.0462918924422917,0.9943332629773167,14,58.0,2855.0
37,7049,1.076526371077959,0.09345352432672957,0.7812653473500633,-0.8747997332947138,0.9856861638212714,14,338.0,6482.0
38,7317,0.6911396991993655,-0.019357243598234545,1.0429506417770964,-0.8628012813523912,0.996964651278666,14,102.0,4105.0
39,7698,0.7943432321831366,0.14726706596721922,1.5210992808911743,0.6968854885184659,0.9884766404178953,14,32.0,5061.0
40,7706,1.1115287201925592,-0.11224479586235138,1.1834748872813088,-0.23432772032507593,0.986230548710572,14,81.0,4212.0
41,8209,1.1425239805882448,0.07921230821731716,1.3404405852446377,0.23695419275726817,0.9971247438047312,14,61.0,6433.0
42,8405,0.40469982704716356,0.22179987510394844,1.4873166939932736,0.8242939758151014,0.9904709500705823,14,52.0,7836.0
43,9117,0.3573316056416068,0.1883682681802,1.9888973412844897,2.504101779461634,0.9775429803714466,14,15.0,7734.0
44,9298,0.7856512233777361,0.15469474972843666,1.5362517915601062,0.8467207081995239,0.9668624038092966,14,23.0,4995.0
45,9478,-1.282566931737852,0.38082529322871816,0.4856960889436924,-2.4372854968182684,0.9996799249633418,14,513.0,2832.0
46,9703,-1.05844994985259,0.36510789462600035,0.9509537592204532,-0.9863555859849807,0.9965827869243682,14,127.0,4284.0
47,9870,-0.550484885127284,0.32482038179918843,0.9895354004044529,-0.873458882760081,0.996201258485732,14,149.0,4083.0
48,10045,1.179840339795951,0.05311835091340021,1.8141764995465788,1.8974739492895711,0.965668336119222,14,14.0,5739.0
49,10066,0.47441126901951547,0.16822134020093168,1.522718561006809,0.6540566258594233,0.9723549252527247,14,39.0,6943.0
50,10087,1.0813581996995345,0.09099478751182695,0.7969877593312975,-0.8720564623471547,0.9984372563180515,14,387.0,6459.0
51,10232,0.9201070955264565,0.13538882601223037,1.153746778130289,-0.13145530556267487,0.9958264634462983,14,98.0,5360.0
52,10360,0.6380358817474905,-0.054658217199147215,1.0230422587434052,-1.1524138472452132,0.9992955228211602,14,84.0,3157.0
53,10589,1.161668636142833,0.050016583035616506,1.5787581241563835,0.8919638485952748,0.9856018601601018,14,36.0,6166.0
54,10793,0.6360923799453434,-0.08814535717569648,1.487975768308882,-0.293546123180563,0.9544215768101537,14,19.0,2663.0
55,10876,0.08600127061912244,0.261246228519338,1.2041938058095374,-0.7515656355269168,0.991591540544441,14,50.0,3216.0
56,10903,0.6585828109087907,-0.04373783865794663,1.1892643961496223,-0.60298513989448,0.9972407424481102,14,61.0,3826.0
57,11247,1.0377893098667685,0.10511698257109922,1.291181854744925,0.6493932103573149,0.9742186540522004,14,56.0,6858.0
58,11313,-0.27060296343458823,-0.24007459715483218,1.0498767276206686,-2.5167311741483904,0.9732390093963122,14,17.0,1278.0
59,11330,-0.31317224590787907,0.27179656097983923,1.2890166985089855,-0.3198371839485755,0.9913271928937578,14,49.0,3653.0
60,11464,1.2164749443535423,-0.04702368947967738,1.4964841961620585,0.8733580702725189,0.9824232199951564,14,51.0,8091.0
61,11601,0.27400539471394075,0.23765271303591198,1.3533004078948625,0.10484564410946975,0.9789306492012412,14,59.0,5803.0
62,11611,-1.0509542627249162,0.3645567090298791,1.0599159304888868,-0.6354694277318194,0.990734305029611,14,90.0,4318.0
63,11630,1.2131873340185046,0.037171874652331474,1.3219453457165413,0.6096133449275983,0.987430712621293,14,63.0,7598.0
64,11644,0.36942196008002953,-0.1361540479067804,1.1329128545790037,-1.0892686682201398,0.9906356288004322,14,43.0,2002.0
65,11676,-0.34585448520814954,0.2759773822070187,1.1914034991064661,-0.5147411794144041,0.9922474850833982,14,70.0,3813.0
66,11778,0.6921199940752938,-0.019795466386661076,1.0477161521093161,-0.848772732905433,0.9969908789586479,14,95.0,4104.0
67,11808,0.3853440907671426,0.22341195437133513,1.471644090007085,0.8269585319845371,0.9902814589804608,14,61.0,8028.0
68,11865,0.006512101939712134,-0.20141626790285744,1.0469988685366858,-2.778889618521771,0.9790718850595033,14,14.0,907.0
69,12085,0.30315429739543964,0.21044611482876222,0.8980141918783177,-0.6675162055497299,0.9963005903511444,14,294.0,6677.0
70,12413,0.47472627383145993,0.13612054499211904,1.3362982630871174,-0.3326058480805256,0.9536544469290388,14,48.0,6097.0
71,12545,0.6884238305347659,0.17774554738027837,1.3475959877755552,0.23706378081583412,0.9958497187509252,14,47.0,5719.0
72,12895,-0.381091409117528,-0.2539221108471249,1.0348566643713257,-2.342336746057666,0.9712442456630628,14,28.0,1611.0
73,12947,1.1883746218933413,-0.06845431285349696,1.4875466350108202,0.6917796135959406,0.9903830154959276,14,41.0,6151.0
74,13033,0.48772960869812904,-0.12754531189454724,1.4291924248471193,-0.6000597205357444,0.981221098454599,14,17.0,1876.0
75,13092,0.48017687276696164,0.13397103143474556,1.3874123637000413,-0.15916925365600007,0.9721186818748562,14,32.0,5996.0
76,13237,0.7065652622882785,0.09752942996230372,1.6872035513252048,1.1927060607346764,0.9907758505849714,14,17.0,7214.0
77,13386,0.39858011388359865,-0.24492305104629358,1.109123772950557,-1.6300476195967624,0.9983310446719449,14,27.0,1592.0
78,13571,-1.0440007854491915,0.35638042733016395,1.390638048968201,0.32452651286402195,0.974724049884896,14,42.0,4102.0
79,13861,0.5002809227754261,-0.1246418748150673,1.4981634750655766,-0.38473854273113833,0.9844877487392503,14,13.0,1893.0
80,14327,-1.1050041527319836,0.3709354914915831,1.3947532766809658,0.4079722197451425,0.9822812776446614,14,30.0,4146.0
81,14387,0.8122731909293912,0.14397701190049708,1.599931664329926,0.9705103994657603,0.9802267758968233,14,22.0,4681.0
82,14783,0.7126447135220072,0.16710281527903695,1.4466720960889219,0.5875165126347561,0.9842100960369009,14,37.0,5874.0
83,14928,-0.6677740218493429,0.3349041660442641,1.2844923994394095,-0.6707757908981277,0.979554746819354,14,38.0,2684.0
84,14944,0.5343854467032434,0.18815105175294405,1.5673451825556701,1.0042654600136731,0.997035260432628,14,32.0,6701.0
85,15250,0.792583483797305,0.16061783570367485,1.2152239926600197,-0.20716959252378025,0.9965981883437041,14,63.0,4431.0
86,15454,0.7557242835821087,0.16889058437041019,1.2496586339460507,-0.09790950815697894,0.996530556498858,14,53.0,5276.0
87,15461,0.49944429444990335,0.12936330553120293,1.3066001795994489,-0.42698822746063536,0.9579073667900618,14,47.0,5822.0
88,15686,0.3664813056995025,0.20837860625155258,1.573738447844885,1.3738882100449707,0.9935762120769819,14,46.0,7918.0
89,16175,0.30808959043962836,0.20812938484405005,0.9031320441197259,-0.5760607286409672,0.9763514832469052,14,188.0,6796.0
90,16204,-1.0526989492665106,0.3572967111902167,1.3868490378607266,0.36896003435425334,0.9655946788166226,14,38.0,4318.0
91,16381,0.059022426271631734,0.2192230153461338,1.4647851280640434,-0.4697934956231887,0.9691863006039738,14,16.0,3037.0
92,16408,0.38514528054560143,0.1890497476632185,1.3874725532600063,0.6642814303688628,0.9921624799725959,14,72.0,8230.0
93,16570,0.7602773794160217,0.16643075276803806,1.2016086415304212,-0.24480255125333097,0.9976159132952056,14,74.0,5283.0
94,16772,0.6935820840819462,-0.016837954873697537,1.0616185524682602,-0.7838475498937056,0.9980132416232026,14,90.0,4126.0
95,16789,0.10614680946968483,0.21097874395617747,1.4888086362668684,-0.15652802222602094,0.9687755603124496,14,20.0,3210.0
96,16896,1.222162581367216,-0.041421141466937074,1.4664721581337363,0.8229506144484652,0.9785802687085887,14,62.0,8083.0
97,16965,0.22577606639295694,0.24445504623050457,1.275503938033219,-0.3690358258437322,0.9949680643923865,14,43.0,4696.0
98,17032,-0.21330058298572063,-0.3176429622801254,0.9479363558160703,-1.9098601922505767,0.9958631982033324,14,50.0,1771.0
99,17178,0.8866289615301229,0.14444257249217393,1.2918571645971004,0.15827871254179043,0.9939661899987906,14,50.0,4992.0
100,17231,0.6602304479034979,0.18484147141959625,1.2724463689314565,-0.04006241236632269,0.9975949735466537,14,62.0,5713.0
101,17299,0.20902918216351446,-0.2697220688202632,1.004594744059396,-1.9405796961584267,0.9954216412538324,14,35.0,1465.0
102,17543,0.2533952992080431,-0.17373559371340272,0.9122297557210917,-2.0976582477536283,0.9908815290426624,14,67.0,1890.0
103,17623,-0.5215170914169489,-0.270519650958073,1.0475094644946585,-1.7458008557259257,0.9950748270914377,14,40.0,1969.0
104,17750,0.6817147582348432,-0.029036077016843825,1.1034805776573744,-0.7356493585560973,0.996131657826104,14,85.0,4067.0
105,17764,-0.40428949510650464,0.3114924618199794,1.2133102088637955,-0.429584440910107,0.9922168890142351,14,63.0,4170.0
106,17861,0.6044637653232282,0.12793005927097598,1.6400720820582213,0.9948123140568188,0.9884446881656327,14,21.0,7112.0
107,18210,0.6027456910666003,0.1284523426720367,1.6076311721279228,0.8786022037718919,0.9879977842415394,14,27.0,7110.0
108,18350,0.8279071974181389,-0.17507545975176536,1.1972954104931628,-1.0216934321321083,0.9928454462629879,14,28.0,2301.0
109,18945,0.301545819059002,-0.16521154716759648,1.2828889247462365,-0.8867385201267332,0.9976254117095308,14,25.0,2404.0
110,18968,-0.44143955356385506,-0.26115971773483015,1.1744225053149768,-1.7936299528510038,0.9733379305558829,14,16.0,2070.0
111,19637,-0.8614540075318181,0.35209090005169424,1.345470194720894,-0.13944842352399536,0.9877925660438768,14,36.0,3231.0
112,20025,1.077804188689966,0.09581861044882564,0.969541059751229,-0.2534003844073721,0.8970558850999543,14,100.0,6469.0
113,20063,1.047180711468402,-0.12343339620158911,1.3336223708170796,0.06746115943971093,0.9850789372912351,14,44.0,4018.0
114,20373,0.5174463827988515,-0.23032563555624458,1.120717136992721,-1.587715402000009,0.994416368751717,14,28.0,1374.0
115,20483,0.46356867278433767,0.19725730719699794,1.6072956456971805,1.263439773422162,0.9958348897649394,14,32.0,7053.0
116,20897,-0.004789838435500682,-0.2963350694483463,1.1085094113180125,-1.7331107359302265,0.9988709882180355,14,27.0,1487.0
117,21045,1.1723908238073315,-0.09131511650782516,1.235765151032191,-0.12420124014891111,0.996653035615153,14,74.0,5052.0
118,21114,0.4297998812113991,0.14754742556636594,1.4049432517348506,-0.0671386135840097,0.9455590829387308,14,45.0,6487.0
119,21121,0.7238097912559964,-0.055286108088805436,1.336044418050454,-0.8945832458711706,0.9416887458165581,14,25.0,3237.0
120,21164,0.7112922861000542,0.17392161079514615,1.2865254328703946,0.054987111824901735,0.9956924305587719,14,53.0,5647.0
121,21260,0.6413591591723111,-0.0535797513733368,1.0566498872968622,-1.0389276069487352,0.9995038931389129,14,77.0,3260.0
122,21274,0.6709325665197772,-0.036808591632473055,1.1567244625938204,-0.6387121459228788,0.9960117061686088,14,65.0,3991.0
123,21358,-1.0295107803434214,0.3644261578939199,1.2795505622327061,-0.07178205611522151,0.991337731596359,14,52.0,3888.0
124,21972,0.5162926299363644,0.1905842848474188,1.5996105882534177,1.122740700853973,0.9976782685724657,14,27.0,6780.0
125,22087,0.609156083664603,0.13205718981832223,1.4167960416964183,0.25861185627892225,0.9721910364193016,14,45.0,7215.0
126,22324,0.12692720742381897,0.25552432776377315,1.2903206542973216,-0.2721237281332029,0.9862045039266895,14,47.0,3439.0
127,22417,1.0133267975314408,0.11638825314257185,1.3787100461937807,0.7940205610087049,0.9897911118892716,14,54.0,7094.0
128,22421,0.0065009419222929465,-0.29365146272246817,1.1089186109693603,-1.7267386921735741,0.9984656017084844,14,25.0,1477.0
129,22570,1.0595644341161856,-0.1274736454199408,1.2386720527043134,-0.20539396740895305,0.9930238528818305,14,62.0,4081.0
130,23170,0.6880188116760777,-0.20425181965556988,1.1632753416949713,-1.4500676936540506,0.9860825325114926,14,17.0,1470.0
131,23404,1.131971974229394,-0.10602287056142869,1.22729807006239,-0.08494920155979137,0.9884324572660056,14,68.0,4410.0
132,23955,1.0456397252730283,0.10520620505009536,1.2761355459843096,0.6108009638698355,0.982446923426177,14,80.0,6799.0
133,23991,0.552015199069516,0.20135765163725342,1.4820951868128522,0.6697354238434248,0.9965419025535697,14,37.0,6157.0
134,24157,0.09682952360080149,-0.2831784794605537,0.993717868277317,-2.044344867845033,0.9979485078775024,14,42.0,1432.0
135,24336,-0.27243108529536575,-0.32460918852195264,1.045936068497625,-1.862345356107509,0.9941842840478224,14,38.0,1789.0
136,24525,-0.013379685828285665,0.23054790973625117,1.2176269408939706,-1.1837474416391123,0.9538546832398365,14,36.0,2597.0
137,24703,1.2228530802972042,0.03277686223695878,1.0883086933276604,-0.15600470884599837,0.9845605734321219,14,201.0,7691.0
138,24989,0.11748783475256866,0.2566199028561703,1.2491921270815538,-0.39879617628785063,0.9890165996749791,14,52.0,3389.0
139,25001,-0.6521468977723777,-0.3606526121835783,1.0181167942394456,-2.354207518515393,0.9957552690050635,14,30.0,973.0
140,25036,0.7496257303754754,0.07650276621002412,1.43322730187133,0.06925522363923725,0.9689218244661336,14,26.0,6092.0
141,25083,0.252895131780014,0.24150467388448343,1.3598371563872695,-0.06649027546230271,0.9882902955701638,14,41.0,5356.0
142,25251,1.2111449600129838,0.0507624149776379,1.3207634340613434,0.4610021808664166,0.9924872468996023,14,76.0,6540.0
143,25531,1.1028761452868558,-0.10574474022798254,1.2417252050050558,-0.06333688333095652,0.9861178959443635,14,63.0,4193.0
144,25625,0.4660658794756807,-0.2378515378188296,1.1212215313817326,-1.5865392642133058,0.9950830125576501,14,29.0,1360.0
145,25672,1.0764859570599126,0.09211956508920519,0.780935505440663,-0.8798579858410046,0.9888012173170478,14,342.0,6479.0
146,25718,0.8709879542372232,-0.17126864424854008,1.2671418201582894,-0.5415903771541182,0.9956326661947936,14,34.0,2812.0
147,25978,0.8681773257378385,-0.17177051874830598,1.2744084468057013,-0.5346855347266689,0.9927620884629864,14,30.0,2789.0
148,26356,-0.576594499698648,-0.2767851660430976,0.7446003809513262,-2.6433040285071034,0.9764372278234137,14,72.0,1504.0
149,26631,-0.9266939968190846,-0.3852228723419417,0.589379340816008,-2.7989829879763213,0.9982782309615342,14,197.0,1525.0
150,27211,1.002844692157373,0.11446828720059517,1.3687544048105278,0.7739223029930796,0.9746799681098902,14,45.0,7146.0
151,27302,-0.7897008685644259,0.32878794435766795,1.19809595241941,-0.7056039877400291,0.9911706121671576,14,59.0,2984.0
152,27786,-1.2751083847290732,0.38156273480968017,0.6073257777761136,-1.9391677055066483,0.9303049705235149,14,286.0,2964.0
153,28197,1.2190997864420323,-0.044925118640534986,1.478755881965535,0.8320336126525715,0.978385659147783,14,58.0,8073.0
154,28207,1.2420976355605515,0.03261411293150143,1.2684766555345768,0.2864284870385573,0.9922962625360692,14,99.0,7209.0
155,28251,0.4962034346213625,0.199274576804346,1.4895324210853433,0.8254518111671283,0.9955651227447136,14,42.0,6739.0
156,28328,0.3070459425347496,0.22203034719885156,1.5164787570154474,1.266561517239062,0.9543346424090126,14,50.0,6685.0
157,29856,0.5329439166712862,0.11953183807528278,1.3873061726637488,-0.19465680768528132,0.9695717338867227,14,33.0,5662.0
158,29931,1.0023214367897568,0.11460801886976485,1.3497695505845264,0.7101453610604277,0.9779356943694961,14,50.0,7151.0
159,30229,0.5704269144314843,-0.1071484925665878,1.3958785322895426,-0.6834732112263934,0.9745226603500686,14,23.0,2211.0
160,30447,-0.3127453772309289,-0.3289389450104197,1.0319526538527348,-1.877857090197785,0.9965527731883804,14,36.0,1694.0
161,30601,0.387215347168152,0.18867321454765046,1.3926392156480927,0.6770868137024368,0.9937024181888895,14,70.0,8250.0
162,30625,0.5606283912271804,-0.08533495760702316,1.1235950327205892,-1.3180413289627886,0.9905263248153526,14,50.0,2255.0
163,30747,0.31813640565036677,0.23333157228848792,1.5213074778239488,1.0234026301994406,0.9764757161835771,14,53.0,6711.0
164,30868,0.34042480849046497,-0.25266261950082075,1.0492735154834858,-1.6739755786239867,0.9972669223953439,14,37.0,1782.0
165,31554,0.7078095661770151,0.00937081399086831,1.0381296143150565,-0.7438878803273307,0.9926943333009622,14,105.0,5568.0
166,31556,1.0795516562483192,0.09239360376914893,0.7406403662611422,-1.0345278575686754,0.9989813219999392,14,443.0,6465.0
167,31575,-0.43046426216952566,-0.2598496826647458,1.0581531829519022,-2.1743897347163124,0.9617467579843799,14,26.0,2044.0
168,31595,0.6618342171650131,0.06629598054865281,1.2753961001017917,-0.16673515573173742,0.9846731926050922,14,52.0,5544.0
169,31704,-0.929697204111979,0.35757284208872814,1.3372489715146714,-0.1188589414358823,0.9938280265238543,14,36.0,3444.0
170,32368,-0.0552999873230163,0.27579048416525626,1.0275990558805372,-1.3217901045441174,0.9924731124987287,14,80.0,2794.0
171,32694,-0.16105234468931146,-0.22554697602325957,1.070311700238433,-2.5809122522316588,0.9637336078514563,14,16.0,1277.0
172,33002,-0.6116055260631003,0.30874867293852404,1.236776161413376,-0.6422865695956419,0.9846296126291638,14,49.0,3461.0
173,33013,1.2556528344152513,0.021305930685700584,1.174873350911187,-0.006393930167952227,0.9867751487388101,14,130.0,7054.0
174,33059,-0.9249244575448863,-0.3850337339377901,0.5429303445205694,-2.9117301345996878,0.9975781856304372,14,221.0,1540.0
175,33147,-0.3082787762644917,-0.32821399807141216,0.9701408884596041,-2.0767701207398974,0.9935977892519001,14,48.0,1700.0
176,33444,0.5774127121754812,0.10409108795644391,1.2976770477165185,-0.35404003453147326,0.9806800965049227,14,43.0,5521.0
177,33533,-1.075597195784132,0.35794212355857946,1.317520907119992,0.10559944742311049,0.992649449934319,14,51.0,4212.0
178,33561,0.24220561252307699,-0.1756623428281128,0.9220011148709443,-2.1541940346116153,0.9901893993262461,14,58.0,1758.0
179,33588,-0.33794438496341167,-0.33145199330171254,1.0274236010688858,-1.8504612004909633,0.9955998966037136,14,43.0,1795.0
180,33791,0.2850581196569169,-0.2599339815600042,1.0417370302388247,-1.6851427840957973,0.9965619533796385,14,43.0,1970.0
181,33864,-0.552029830412881,0.324973019661831,1.0359762847940452,-0.7493689238644616,0.9941473796424184,14,133.0,4074.0
182,34095,0.6002729993081334,0.17875803881250502,1.6116409701541579,1.1071141206801303,0.9969507591769298,14,25.0,6675.0
183,34774,1.253540112626303,0.02246129466223689,1.1845588584199285,0.03478481774963865,0.9876634061991081,14,124.0,7099.0
184,35028,0.6774340858212915,-0.032284527803114096,1.1047489598426892,-0.7645881744834668,0.9946753081424422,14,81.0,4031.0
185,35105,0.697725102020582,0.03608715346857931,1.1132626900815308,-0.485736483585365,0.9946547787779584,14,97.0,5589.0
186,35255,0.3858516792025841,0.206221247222165,1.6266115660236444,1.4738323973630953,0.9904043895331797,14,41.0,8218.0
187,35754,-0.21127855073061072,0.2931024453646073,1.0883050383320867,-1.0684997818120017,0.9932203888092159,14,65.0,3049.0
188,35755,1.2306083689662493,-0.06338356521918322,1.172773893326161,-0.06940296640809465,0.9924822871382786,14,119.0,6895.0
189,35820,0.7159917701986627,0.086513384008056,1.319381987361833,-0.04097986236487003,0.9862470039749803,14,54.0,6779.0
190,36013,1.2225942957499678,0.03394511381398313,1.0486353235690076,-0.2813662538900477,0.981711060823841,14,234.0,7627.0
191,36068,0.7371571270824976,0.07557768404502878,1.044997507971839,-0.9956223344647661,0.9541391973131362,14,95.0,6082.0
192,36147,-0.16890245051809333,-0.3131331863196289,0.9951772261639312,-1.7951425455404932,0.998711541092501,14,52.0,1756.0
193,36152,1.162232073846102,-0.0950456976834191,1.2243177755472425,-0.1489843432264634,0.9957730611993117,14,79.0,4832.0
194,36210,0.46924262204638406,-0.11225957647536033,1.1991150394261372,-1.1384293700720702,0.9967545656858454,14,31.0,1920.0
195,36214,0.7866770205161255,0.1632416370977954,1.2079545431983476,-0.25751276064101253,0.9974478930573148,14,67.0,4385.0
196,36247,-0.545470802561012,0.3246919320897134,0.9201763371796223,-1.0245085712733335,0.9908223875215275,14,133.0,4140.0
197,37251,0.2316180436907988,-0.17746699759987125,1.1100493999980499,-1.7396576385583395,0.9724930239383183,14,38.0,1716.0
198,37279,0.9932800187405915,0.11279158553363863,1.3492333307751216,0.6802620864661614,0.9835184066869302,14,61.0,7146.0
199,37551,1.2302637898409223,0.03969149498645868,1.3265711734158938,0.5363804759389793,0.9923247363874849,14,82.0,7229.0
200,37666,-0.4823167054484434,0.29354793018391634,1.3858759351473553,0.049960362457830546,0.9701135472415191,14,48.0,4476.0
201,37710,0.14411019534333394,0.25417631479605385,1.2653294895740295,-0.38486734429633895,0.985309626045323,14,54.0,3519.0
202,37976,0.912691560610293,-0.1626220417374657,0.8415761103594954,-1.439892609713917,0.9966197748978247,14,175.0,3216.0
203,38045,0.3001192426055341,0.23562031425654584,1.4510397687407446,0.7162349041753485,0.985214664334788,14,58.0,6362.0
204,38088,0.39108835886882637,-0.2481425906824245,1.0799881559418352,-1.7296950970664324,0.9992441119915908,14,32.0,1557.0
205,38314,0.31867422516608107,0.21218206489189986,1.2372506038270115,0.5271463469025995,0.9649142429289864,14,110.0,6920.0
206,38673,0.7971265277336703,-0.18533963656253793,1.14348931521436,-1.2900014956285046,0.9908249330707695,14,28.0,1744.0
207,38830,-1.2836828955953294,0.38155999469829127,0.5346450681651213,-2.2981371584981023,0.9980262183155238,14,420.0,2820.0
208,38855,-0.38159140490529203,0.3095238219163609,1.2697358912615546,-0.24337552892454312,0.996173977099716,14,50.0,4109.0
209,39046,0.6717170081957369,0.1679104464043451,1.6424474656269665,1.1421465311283376,0.9942786961325024,14,25.0,6515.0
210,39080,1.0213787475765366,0.10966865408819686,1.2720919069873036,0.5246532283369572,0.9845379934549423,14,69.0,7049.0
211,39277,1.1242539707062158,-0.0979546205387153,1.1116172445414265,-0.44092551786070777,0.9896836241385174,14,114.0,4401.0
212,39493,-0.8198199568503604,-0.37613016101331376,1.1340075869967605,-1.382481162110765,0.996677805626653,14,35.0,1866.0
213,39673,0.3337317366687097,0.22942990985046183,1.5796187332994431,1.2423763624933954,0.9788813156342498,14,52.0,7007.0
214,39708,-0.3518983803215451,0.3059930327239872,1.195431683137587,-0.48700779573006764,0.9885033962393943,14,66.0,3911.0
215,39777,1.0331105025347214,-0.13450259089527322,1.2034791665638744,-0.34572889762924386,0.9914056324703665,14,55.0,3970.0
216,40069,-0.035666770566448736,-0.2984109216315147,1.0209583091640884,-1.9262812628387023,0.9945878653285479,14,31.0,1558.0
217,40379,-0.485579073382771,-0.2663816580283326,1.1377034311645502,-1.733425460401451,0.9814496106302133,14,25.0,2168.0
218,40910,0.6360713335723318,0.0809301250655608,1.2648413658106292,-0.30506010921324095,0.9767391156096916,14,63.0,5207.0
219,41018,0.7277790750157858,0.08064723367098559,1.3507294979942288,0.039176369347613454,0.9864849765600329,14,38.0,6420.0
220,41065,1.0997224194985884,0.09246279365595611,1.4390670847446825,0.8995650655791152,0.9865808338023805,14,40.0,6353.0
221,41230,-0.7551687159338666,0.32405213785707476,1.209843005376677,-0.7564202336546217,0.990259182576279,14,54.0,2792.0
222,41285,0.43568479661263115,0.17149428505839445,1.81673987300543,1.6350870681681813,0.9907951788306187,14,17.0,7137.0
223,41484,0.43345470907527095,0.20102479420865563,1.5611412063399581,1.2128419724731005,0.994296988374091,14,42.0,7293.0
224,41510,0.536598796132886,-0.09331684711469088,1.1347610454128714,-1.3213305307504544,0.9951100525444735,14,36.0,2024.0
225,41692,0.16893230123433312,-0.2745190814573988,0.9648790534679536,-2.075005463771726,0.9989376527387771,14,50.0,1389.0
226,41969,0.39868691709386683,0.18595787207995032,1.3127603459960167,0.3566020068168721,0.9738193128809115,14,104.0,8303.0
227,42034,-0.6787347304660765,0.31555545366082327,1.2654313631838767,-0.6806386091987493,0.9932217896730156,14,38.0,2675.0
228,42191,0.7957522929514753,0.15988911134198638,1.2198936349065335,-0.19619312506367623,0.9946268720489355,14,71.0,4430.0
229,42220,0.30520878483887043,-0.25730784671939094,1.038910550124135,-1.6455116352954922,0.9926191854641414,14,39.0,1870.0
230,42271,-0.9116721960944199,-0.3838762288674453,0.7140186901558372,-2.216581729071964,0.9435854117644296,14,118.0,1628.0
231,42475,1.0973488189794685,-0.10765115246212746,1.2437620183420675,-0.08126617368627286,0.9868299064969401,14,69.0,4183.0
232,42942,0.8546402875288193,0.13586831723584378,1.6206882022039013,1.0474879375843276,0.9851141126301902,14,22.0,4687.0
233,42948,0.566749908314835,0.14437882721531176,1.551747968982879,0.6550148890493518,0.979268502054819,14,27.0,6823.0
234,42974,1.0742314526748804,-0.11545437564091066,1.3329991636817213,0.12763430165785283,0.9861277729008526,14,48.0,4109.0
235,43291,0.2857210147308725,0.2370666950773938,1.4459504957178342,0.5343584119806831,0.9910454487488605,14,46.0,6058.0
236,43536,0.48398516155719606,0.20906292555440506,1.4524892090843218,0.6869321700246775,0.9980178034182431,14,43.0,6671.0
237,44145,-0.3643618346309132,-0.2518333574046275,1.1240696828302703,-2.0743471139766823,0.9820665879960077,14,18.0,1546.0
238,44716,0.19555306837725672,-0.2712461453109479,1.0112104290001922,-1.9317709435539627,0.9978492070696647,14,35.0,1358.0
239,45097,0.8985292466952908,0.1420988536411211,1.2533234153697506,0.0715493356962862,0.9970413586493369,14,68.0,5139.0
240,45189,0.3585817529649108,0.22694732864213885,1.551510588158307,1.144406188582274,0.9928082438644222,14,46.0,7573.0
241,45322,0.06713899557893371,-0.28681808225031774,1.0422020112647228,-1.875845142421988,0.9980263563585595,14,32.0,1406.0
242,45349,0.38256718768320386,0.2065701614396385,1.6087418363765835,1.418378696154328,0.9884666535397889,14,47.0,8177.0
243,45383,1.2323860746270192,0.039089658439000016,1.3049263571399627,0.44360588629143816,0.9949644261835644,14,92.0,7212.0
244,45795,-0.3745618834144437,0.3075511917292211,1.1398849388797025,-0.6524987667077697,0.9841886479207086,14,78.0,4068.0
245,45908,1.2230951795238045,0.033300135855091485,1.0809711095999897,-0.17902079265559337,0.9847803735164627,14,208.0,7657.0
246,46004,-0.4098445429187191,0.31222029234210963,1.1745601374302082,-0.5488995057450011,0.9897181633764623,14,72.0,4199.0
247,46167,-0.06994142313575016,0.27842413944888317,1.0411592834023793,-1.2424137411335658,0.9973628645499412,14,67.0,2799.0
248,46322,-0.2860314315105559,0.2682624231474346,1.4311751009211373,-0.06319253686859987,0.9909726251316404,14,25.0,3555.0
249,46345,1.0565252829447058,0.08815867891648496,1.781847559238245,2.117321250587986,0.9422710662885643,14,29.0,6641.0
250,47192,-0.3252408998538248,-0.32989908557553443,1.1304791154257288,-1.55405993114661,0.9982623208364877,14,29.0,1764.0
251,47501,0.9702912578285622,-0.1501346547878442,1.134048040408307,-0.5390549340292596,0.9950836147012463,14,77.0,3733.0
252,47726,-0.36168176959257414,0.30711618532808344,1.2069014545077215,-0.43597352661281574,0.9929189081089359,14,60.0,3976.0
253,47771,-0.4349163393400071,0.2870924042104963,1.2951314002357401,-0.2824930961238304,0.980790209087106,14,52.0,4219.0
254,47861,1.221680320612673,0.033069676905373456,1.040821113357011,-0.3087275529417535,0.9770068630909169,14,244.0,7692.0
255,48161,0.6246750409551096,0.08530931681711858,1.2367524126170066,-0.39206196323732434,0.9829847816676319,14,55.0,5135.0
256,48402,0.08414733725605458,0.2597319130559001,1.1980867203201808,-0.7742991368069032,0.9903775721572702,14,53.0,3214.0
257,48499,-1.2276702785940687,0.3739391114993635,1.249630508734332,-0.07088081612688119,0.9879074254529585,14,60.0,4062.0
258,49049,0.6581227278180891,0.06842838088133117,1.2517140331987053,-0.2767312401417121,0.9794640902475125,14,68.0,5493.0
259,49054,-1.253687392759234,0.3808404864077753,1.0782574311117001,-0.45727512816314336,0.9501224638501549,14,77.0,3238.0
260,49122,0.4341060429370457,-0.13933222099856724,1.5180477963333499,-0.21834369231428435,0.986640289242499,14,11.0,2090.0
261,49838,0.4053910480969378,0.20426846133742546,1.5838470936991074,1.2638151465606366,0.9893952401698846,14,45.0,8031.0
262,50131,0.39376402697655427,0.15542008768604582,1.6235068628547054,0.7000318367596178,0.9694648859188273,14,24.0,7125.0
263,50182,-1.0119056246596554,0.35284209763175267,1.3611041751125417,0.10555730281308572,0.9852464238517158,14,42.0,3785.0
264,50183,-0.08069209287323365,-0.3035716873978966,1.037150860741394,-1.8215983343048054,0.9981181319718329,14,36.0,1580.0
265,50364,1.077918329190267,0.0990460545910964,1.3347875146017378,0.8894409999816247,0.8972956628765295,14,48.0,6454.0
266,50562,0.9850987334467107,0.11896361424146594,1.3055796811171763,0.5388325795871483,0.9708730762707127,14,54.0,6912.0
267,50640,-0.6471968835783193,0.3128266833254241,1.291742396691835,-0.5491372624366105,0.9946354061415967,14,35.0,2795.0
268,50753,0.479385465946195,0.20153484093343302,1.5463596042899923,1.0623808890084705,0.9931583852369208,14,31.0,6873.0
269,51181,0.33495152874141493,-0.1435936528543837,1.4479436873808333,-0.23164521883496036,0.9837897206817989,14,17.0,2047.0
270,51336,0.9123998146269214,0.13923289578683018,1.2640851448247101,0.15894940059761198,0.9944552825463671,14,65.0,5264.0
271,51415,1.2487779858263384,-0.050506041941115,1.15442758660191,-0.03009240879238764,0.9960753538646048,14,127.0,6904.0
272,51829,1.2204612106152204,-0.0690250249398404,1.2013138786309285,-0.024078061341898795,0.9968052038526584,14,102.0,6570.0
273,52338,-0.5786203600604558,-0.35381883578573314,1.0228003858674746,-2.2087808641920685,0.9854423879355887,14,30.0,1541.0
274,52617,0.35555987418866963,0.2284705483849021,1.5550885094332878,1.1213220332003078,0.9897076924544633,14,46.0,7482.0
275,53309,1.1914742684590824,-0.08273232771920133,1.2172964887239681,-0.12305850681397477,0.9960121655548916,14,86.0,5657.0
276,53335,0.3872826328516535,0.18867584797854473,1.390879483207847,0.6712065112310992,0.993390315206075,14,70.0,8256.0
277,53526,-0.23481667267261508,-0.3207747307381322,1.0896472996567277,-1.6542375157083462,0.993318092528452,14,37.0,1754.0
278,53565,-0.038762309209683876,0.27341056073779646,1.1503964421302815,-0.9839536921108996,0.9954456633399654,14,54.0,2743.0
279,54356,0.3583588441939787,0.2091430931126547,1.5432192201063275,1.293576124282447,0.9912891997687189,14,54.0,7767.0
280,54776,-0.49995016748341625,0.32033813660294297,1.1294494072157424,-0.4278140886608195,0.9959537501687327,14,95.0,4406.0
281,54902,-0.5838017162271967,-0.27759603523469834,0.6456169197030788,-3.0506217943276086,0.9742159953652222,14,103.0,1470.0
282,54923,1.1054379198442026,0.08047470008575529,2.0331511969728306,2.686745217890655,0.9561881044119698,14,7.0,6354.0
283,55063,-0.3498888107486779,-0.25008568119914254,1.0369361301155189,-2.375738888815427,0.9755097441716166,14,22.0,1483.0
284,55194,-1.0010368085600525,0.3625973733498007,1.2097157829381788,-0.40494630641657803,0.9935873810091782,14,67.0,3744.0
285,55244,0.6078399389192481,0.13243364248159495,1.4188447573987653,0.2593580131704969,0.9709993768784001,14,46.0,7199.0
286,55431,-1.002969221702677,0.36117591946002164,1.2415612939054508,-0.26937468843244994,0.9945999229110023,14,54.0,3735.0
287,55515,0.31923583113630527,0.22064126317911162,1.584956421345846,1.522792985183781,0.957126250455276,14,42.0,6869.0
288,56658,0.44404219131669015,0.1997717123127168,1.5375616135390948,1.134236919316007,0.9910067923178357,14,41.0,7210.0
289,57499,-0.14413778711968828,0.2853338462030044,1.0579509742692788,-1.1812680690766917,0.9945255265298865,14,66.0,2954.0
290,57545,-0.2416604577380732,0.29615357480160753,1.1126933099721354,-0.9519138298740031,0.996209115645995,14,63.0,3282.0
291,57625,1.1573294888356571,-0.0844858425112215,1.4625019877301195,0.5627450106973879,0.980770425816619,14,45.0,4911.0
292,57748,0.7180308786987094,-0.057876140327518366,1.278823666755244,-1.0691302182934637,0.922952850013104,14,25.0,3312.0
293,57815,0.4347176755247176,0.20658263873486737,1.452625386818992,0.8913206550890447,0.992333367417428,14,51.0,7213.0
294,58040,-0.880734324836437,0.35365338844923,1.3229934830168006,-0.2294573073425186,0.9864215420167934,14,44.0,3269.0
295,58152,0.7248511117008982,-0.19428885432016849,1.184608725305136,-1.2809065550179524,0.9849759414963839,14,18.0,1535.0
296,58310,0.19954414794797432,0.2193933109787381,1.7696193366555406,0.9281349326331063,0.9785241368689696,14,11.0,3874.0
297,58367,0.688791869801636,-0.0217060916261051,1.0252514613335062,-0.938715773481236,0.9937420836563138,14,114.0,4102.0
298,58410,1.2290852055251749,-0.06378587529143614,1.1662889194917423,-0.09719998778453935,0.9911574653980222,14,123.0,6890.0
299,58411,-1.1786964947086418,0.36872556165755244,1.2945755217899584,-0.11788155211542771,0.9973293701843984,14,51.0,4405.0
300,58482,0.6407586516523798,0.12200702101963577,1.3928685253864934,0.27165013078884404,0.9797866590553005,14,46.0,7383.0
301,58499,0.5275664791131508,0.20497528913052868,1.3615210272566305,0.29253246998887383,0.9963795616009081,14,52.0,6371.0
302,58591,-1.061111319956112,0.36777006497299625,1.0052227205759574,-0.8397249309331989,0.9980586719585316,14,133.0,4264.0
303,58662,-0.8965177670311562,-0.38252491612708117,0.887038157478243,-1.6922799482854913,0.9776598410968671,14,89.0,1745.0
304,58736,-0.8806566714649969,0.35180865418893575,1.3534381912075943,-0.09627952778328616,0.9900390380184205,14,37.0,3270.0
305,58763,-0.6998524718983055,0.3179065976343798,1.264908570435455,-0.6598252079237944,0.994161259341014,14,33.0,2682.0
306,59449,1.2670220968737016,-0.028085434291803626,1.0574912152151346,-0.2288927862769063,0.9987805053318296,14,156.0,6740.0
307,59720,0.6651274548890622,0.11365008420801771,1.3569426189794607,0.2540195235946267,0.9882576433457111,14,55.0,7591.0
308,60115,-0.40918436647332385,-0.257328373968573,1.038146363558939,-2.2895512821595316,0.9651861122340171,14,28.0,1803.0
309,60153,1.2230255350299566,0.008460491650768539,1.4471618496996284,0.7910869018784205,0.9715112787743546,14,74.0,8314.0
310,60180,-1.21135506610458,0.37215748038872154,1.254750139318545,-0.15904007729433317,0.9960622741271362,14,56.0,4463.0
311,60552,1.076575954296494,0.09226250156005812,0.7760653741921087,-0.8959418859936573,0.9896368424353665,14,348.0,6479.0
312,60634,-1.16874666230232,0.3677204965872256,1.4164520982869382,0.29361866812210263,0.9942127016212323,14,34.0,4149.0
313,60865,-0.8413917563127615,-0.377682711807824,1.0455541669212587,-1.508375842178213,0.9981821593786782,14,50.0,2085.0
314,61908,-0.19718541022644692,-0.23037745215405636,0.9577666779352328,-2.8410662398501745,0.9466183098558528,14,25.0,1405.0
315,62448,1.0749959622842729,0.09263027861232906,0.8272809604202683,-0.7190290404557694,0.9765491062972147,14,287.0,6488.0
316,62904,0.5914988548954875,0.13732429239354527,1.5823373779810421,0.7474274077021857,0.9824696470533817,14,23.0,7017.0
317,63277,0.22800538909629403,0.2434639910746106,1.2975557332943766,-0.2937621187050511,0.9958156164560822,14,44.0,4770.0
318,63479,0.06140718418503921,-0.2887262620475271,0.974339497717637,-2.090084280462025,0.9985937804249525,14,40.0,1392.0
319,63588,0.6795184929902459,-0.0733862108182958,1.4407596900695345,-0.5236232711982161,0.9325098705380845,14,21.0,3105.0
320,63705,0.6927093123167831,0.04379405079580854,1.1399052516542783,-0.4323826155546149,0.9924522589309644,14,90.0,5346.0
321,63926,0.466342896104109,-0.11293557018124856,1.16200730011065,-1.267475030349533,0.9941695555587662,14,38.0,1923.0
322,64540,-0.38747795834446785,0.2819114318055626,1.3531338985218282,-0.09761906318632309,0.984787222641504,14,41.0,4095.0
323,64911,1.2478793123826852,0.02822988645318592,1.2440665897548047,0.20897854742083724,0.9901727291018964,14,104.0,7146.0
324,65065,0.324196186126895,-0.16106147865577686,1.1879693727058425,-1.1475876088760255,0.9808455250747252,14,38.0,2483.0
325,65204,-1.060142658595913,0.36680451697406863,0.957161959871047,-0.9856025104338599,0.9965187576255738,14,162.0,4270.0
326,65423,1.1403362438358329,-0.1031137489170207,1.3125344136143542,0.1713591603620781,0.9872712071756753,14,55.0,4490.0
327,65636,1.2229718540294021,0.008529187349429564,1.4503277479710321,0.8009813854691441,0.9718277121203016,14,74.0,8316.0
328,65915,0.5414951736073297,0.1930290861874177,1.4954918807684343,0.8173485666285106,0.9918208220106004,14,38.0,6554.0
329,65991,-0.1413939182645938,-0.31000562192567244,1.107135722443687,-1.5593686008669778,0.9986922487675515,14,34.0,1804.0
330,66239,-0.8303813980703781,0.3321904131291876,1.2508945473532467,-0.44776288879897097,0.9948614408750758,14,47.0,3136.0
331,66331,0.78754162401504,0.04800176343313857,1.1120768154057772,-1.4467733462553112,0.9821459852017006,14,41.0,2875.0
332,66470,-0.1835218848800767,-0.3156476751371651,0.955183868498233,-1.8537108567647225,0.9968434690293804,14,56.0,1737.0
333,66520,0.85959890249563,0.14786767154167835,1.2136746657050308,-0.1473798805298918,0.9973866400713802,14,73.0,4713.0
334,66990,0.42926033376340683,0.14767816973660222,1.408202524631558,-0.04947319767438592,0.948728326650612,14,41.0,6492.0
335,67029,1.0333593648506167,-0.13484544331227485,1.2024052521321575,-0.3519070631531175,0.9922112187392665,14,56.0,3971.0
336,67117,-0.4736201084044205,0.31793561644597107,1.1448962840396737,-0.5044348339575636,0.9901149973536467,14,88.0,4503.0
337,67900,0.19519718711872,0.24813981530128001,1.219050476094799,-0.5591804336693986,0.9951178713739115,14,55.0,3782.0
338,67955,-0.26533169896061237,-0.3230492844822826,1.070905969441459,-1.78329819828521,0.9950429779425147,14,35.0,1781.0
339,67970,0.3617390932458575,0.20865106135375303,1.5077688875961712,1.1705892499705746,0.9894144820493538,14,61.0,7835.0
340,68045,1.07437862341455,0.09416339172764811,0.8411707351828464,-0.6703835043301185,0.9719141906185369,14,279.0,6495.0
341,68918,0.9848833030107027,0.11319468488295706,1.3512464892098879,0.6593972004500508,0.984772412124233,14,63.0,7027.0
342,69063,0.7888980201436183,0.1531510107563939,1.5145307912860253,0.7693175796315455,0.972777982924517,14,26.0,4980.0
343,69253,0.11578285359525148,0.25681756045988485,1.2219614267234946,-0.49380601936465535,0.9853008916352146,14,61.0,3381.0
344,70245,-0.6009272532392369,-0.3565735104175342,1.0596284775466693,-2.1288583415616102,0.991822671970711,14,25.0,1404.0
345,70248,0.16072428621902884,0.23793341918590866,1.6875855258644286,0.956839370203243,0.9834427985620233,14,17.0,3680.0
346,70348,0.6176775773698602,0.08837955020568228,1.1327870602268029,-0.7386138290488007,0.9687917767170913,14,85.0,5104.0
347,70548,0.6276642124751927,0.17468406911879825,1.5639764878087041,0.9256787676405032,0.9966875534270971,14,32.0,6934.0
348,71010,0.9002646803239827,0.1414534688206419,1.2536165848446421,0.08912881088203144,0.9951411040525122,14,60.0,5159.0
349,71239,1.27251445477973,-0.006183766149653866,1.0357463041480555,-0.3292009266745659,0.9990979557323973,14,176.0,6661.0
350,71261,-1.0896890480888608,0.3614909981051136,1.2630975825325792,-0.030777019473593223,0.9948780422115635,14,60.0,4215.0
351,71378,1.1694979289888843,0.06927384823115673,1.3310585419609373,0.27015130531600146,0.9989461927803068,14,59.0,5957.0
352,71396,0.740572592428545,0.17153069302393786,1.2395488634926226,-0.13605753145516503,0.9965370752554323,14,66.0,5506.0
353,71634,0.703569105608677,0.0290005834249525,1.084553202867146,-0.581598861714549,0.9938081273835383,14,109.0,5829.0
354,71677,1.228681651992841,-0.03153909164734291,1.4548696565109067,0.8153677787847077,0.9749370576161626,14,60.0,8001.0
355,71796,0.5213777897209536,-0.23000581423176403,1.0981875230696678,-1.6572509302696354,0.9921404765899883,14,23.0,1380.0
356,71914,-0.18884297149193396,0.2904105858109774,1.1057237421376587,-1.0281214194444255,0.9948545127315096,14,66.0,2937.0
357,72025,0.669373261671035,0.061522479697922294,1.1901923557373868,-0.39249464451097654,0.9781204326132906,14,80.0,5572.0
358,72055,0.7958156266337674,-0.1855807722669841,1.1712854048367112,-1.1943064823975467,0.982726331316436,14,25.0,1741.0
359,72481,-0.7108652329159201,0.339570924188367,1.2143581983606953,-0.8499108569672948,0.9839658571675785,14,45.0,2706.0
360,72695,-0.6340969976960974,0.3104951481791545,1.186695746501538,-0.8627567284774097,0.9825781291200398,14,56.0,3116.0
361,72700,-0.28602647080470084,-0.32598156449904975,1.0115174098753494,-1.9663383362094886,0.992675969473451,14,41.0,1781.0
362,72930,-0.4131418054325287,-0.33818658343007973,1.0511670201887033,-1.4994992559195732,0.997599863778842,14,45.0,2096.0
363,73251,-1.0462605403588627,0.35492451958367166,1.4032356335781755,0.34331964707331575,0.9769639156134492,14,40.0,4146.0
364,73437,0.10971092470894503,0.21092386173145686,1.5059685669975018,-0.08773505435280213,0.9669418014635495,14,18.0,3242.0
365,73445,0.9664188453007178,-0.15089422275718206,1.1152212208739032,-0.5862839080799455,0.9963909392018351,14,78.0,3692.0
366,73499,0.23720786044530062,-0.2660422897360147,1.0841597203284694,-1.6830862265575903,0.9963604419803056,14,31.0,1737.0
367,73512,-0.00898160499656725,-0.29680246666000054,1.0946748691943213,-1.7709389141889291,0.998950050756517,14,30.0,1485.0
368,74016,0.17319467287430917,0.25109316995608993,1.2918494151300537,-0.3309305239514583,0.9955992984758273,14,46.0,3644.0
369,74379,1.017836250027415,0.11531647007998284,1.3807203613795827,0.8177693039354076,0.9883813329532198,14,55.0,7106.0
370,74389,-0.5859647745678966,0.30499599568713015,1.311094218554146,-0.3216861143660266,0.9822368166620993,14,44.0,3774.0
371,74532,0.8314675316839273,-0.17876727655907856,1.27582150318932,-0.750542096077859,0.9797701119748271,14,21.0,2346.0
372,74813,0.6140075516671964,0.13054676014838237,1.4133511141993902,0.26700354456136505,0.9745671367170039,14,44.0,7235.0
373,75687,-1.0060256728007377,0.36358717095335896,1.2637095444269764,-0.1992687167108769,0.9940785714648107,14,41.0,3737.0
374,76048,0.3234165795447973,0.19528400827223918,2.1004500762835883,3.0252782784093606,0.9566571111802269,14,9.0,6967.0
375,76115,0.9194228963648963,0.13415414580786414,1.229176830018768,0.12402898766106282,0.9850494112436392,14,62.0,5360.0
376,76525,0.042760192240399286,-0.19573379707380006,1.018845734634221,-2.956262370194426,0.9712620060504509,14,14.0,878.0
377,76616,1.2720340976889097,-0.01155174481888212,1.0332153751893425,-0.3063942740169048,0.9983405973019503,14,167.0,6677.0
378,76631,1.2212891019252732,0.033197597905832044,1.0297101023401125,-0.3446665396313546,0.9744093003582425,14,256.0,7693.0
379,76672,1.059357613728225,0.09655960837061321,1.134792955481665,0.2317274576549705,0.9761503174375471,14,138.0,6633.0
380,76816,-0.8584051238528307,0.35006163529681017,1.337010209614447,-0.1335431909470472,0.9875655662665757,14,37.0,3222.0
381,77082,1.2643452470921708,0.011727418253013877,1.1172378480958085,-0.1315659873728471,0.9948314502222246,14,143.0,6858.0
382,77301,-0.14013773976113367,0.2855652832058764,0.9975356543259373,-1.383542024492894,0.9884228771740028,14,87.0,2927.0
383,77442,-1.0091167477863872,0.36383778420729124,1.1951679037319463,-0.4168735783036977,0.9965912076147494,14,63.0,3752.0
384,77447,-0.5154447463179536,0.32159499895485494,1.0543434785474008,-0.5995954057793733,0.9961606301058448,14,124.0,4282.0
385,77627,0.5461307860115706,-0.22623434134344644,1.0811780295613078,-1.717685201389168,0.993247454471839,14,25.0,1380.0
386,77682,-0.22364596650280177,0.25999572914290037,1.447598588426214,-0.29528019208538164,0.9782006944279474,14,19.0,3060.0
387,77902,1.0355188567813234,0.10576063755428297,1.255212381123758,0.5152417640549739,0.9854095340069992,14,77.0,6870.0
388,77931,0.21750748875593395,-0.16643856326471732,1.3153881714652944,-1.3792742255152524,0.9927870688598333,14,13.0,1077.0
389,78329,1.2323422611474095,-0.019756010853725206,1.384077461228462,0.5946121828314613,0.959096539878126,14,78.0,8031.0
390,78547,0.6661003019182916,-0.20437170261528825,1.137489847317222,-1.5239581245133715,0.984329002844942,14,19.0,1412.0
391,78588,0.5753195542761191,0.1419532569829195,1.5250162618890166,0.543622027857348,0.974923410207598,14,31.0,6838.0
392,78604,-0.9456701345115603,0.34440240191068705,1.310876414614144,-0.20845241608988477,0.990776790521793,14,44.0,3441.0
393,78740,0.9642234446160516,-0.14539785963288912,1.3679994864291856,0.22378002428173976,0.9673695056796071,14,31.0,3686.0
394,79350,-1.0135113873427675,0.35305352801186307,1.3927568117618716,0.2166145406538208,0.9849185361113626,14,35.0,3793.0
395,79724,0.8487266022795572,0.14316178379324576,1.4626028864595346,0.6376539102303683,0.9760704042146885,14,30.0,4597.0
396,79933,-0.7542448594595289,0.32487473786714954,1.2080849521232375,-0.7527310756240507,0.9909535403029104,14,52.0,2786.0
397,79946,0.6098202687938699,-0.21659269739367104,1.098838951831661,-1.6626639473407951,0.9861591165947876,14,20.0,1351.0
398,79961,-0.42364052863354834,-0.33896071748889406,1.0093789858146391,-1.6022180528287189,0.9979699535382351,14,58.0,2096.0
399,80339,-0.06784141360703819,0.27654482905336125,1.043507479821512,-1.2350259388525342,0.9970385917803918,14,70.0,2807.0
400,80503,-1.0569495406659979,0.35776443666091523,1.3618357793867042,0.29541806530666664,0.9646708131908305,14,43.0,4295.0
401,81077,-0.31412983667605987,0.2719213656820119,1.3085271358792536,-0.24631232907533135,0.99407921275642,14,40.0,3655.0
402,81201,0.23486519283412882,-0.2664811035400292,1.045078095588718,-1.8168308525590655,0.996624926629276,14,35.0,1728.0
403,81296,0.23857297431346483,0.24326147232373577,1.2691594511752105,-0.38201816302256303,0.9879006838445016,14,50.0,5056.0
404,81420,0.33603747014623353,0.20072711461876305,1.4682168188721374,1.1033503121893709,0.987881646752507,14,66.0,7262.0
405,81723,0.7947089621887778,0.14708326836115546,1.5440715071618,0.7697373286889586,0.9885953561844827,14,29.0,5058.0
406,81786,-1.2599133019060973,0.37766817764839367,0.9483353407886167,-0.8471840555817626,0.9482607529934738,14,113.0,3163.0
407,82186,0.690336022762736,-0.021559111498427423,1.0219517288234785,-0.949544270712839,0.9936871183797995,14,114.0,4098.0
408,82401,0.5622020786973776,0.19968170621879974,1.3693759511993306,0.3129591367820568,0.9948472818718219,14,55.0,6134.0
409,82614,-1.2560265929927794,0.3809601088102442,1.0447772195661857,-0.5524431401412522,0.9436331110040883,14,73.0,3208.0
410,82697,-0.759350000730271,0.3245103137295754,1.267190372089708,-0.5465186083785268,0.9965217063960359,14,36.0,2817.0
411,82713,1.0780552317032202,-0.12274768983838902,1.2182412910071052,-0.23746448021969277,0.9946452153534955,14,71.0,4106.0
412,82759,0.7958476289591616,0.15893290291891674,1.2454765337888416,-0.10417469264341514,0.9944195666883865,14,60.0,4460.0
413,83045,-0.3554481681602972,0.2771907123736141,1.2168603867950258,-0.4572326939481919,0.9886035457359047,14,63.0,3846.0
414,83382,0.7909021964678931,-0.010181196654912837,1.0421129853244204,-1.7565269421689256,0.9839561230719664,14,42.0,2452.0
415,83396,1.0829157303757921,0.09073720438805316,0.8890437377986842,-0.5845799187695518,0.988746151097182,14,240.0,6436.0
416,83562,-0.7825340236554402,0.3455812315911633,1.3278459087537324,-0.36371506911036366,0.9910254404608091,14,33.0,2938.0
417,83801,0.6777502412072298,-0.03110614218767526,1.1073110736775658,-0.7460898628707573,0.9946830869788525,14,75.0,4045.0
418,83871,1.24860478856879,0.02766408665466238,1.2336565154859387,0.17389938317919462,0.9886637709036815,14,108.0,7137.0
419,83942,0.37478517496343156,0.1603563757193222,1.6468502372188494,0.8328767312917943,0.9689657590406163,14,23.0,7616.0
420,84015,0.704779576768727,-0.19794183093114046,1.0997288224236834,-1.610362706183384,0.9918446778421035,14,24.0,1513.0
421,84247,0.16130781586969462,0.22681104854824657,1.6234582146630658,0.6295905836174825,0.9817850675636627,14,21.0,3667.0
422,84330,1.0673779157434282,0.09451641555805289,0.9903260527048985,-0.19750266374612832,0.9730775158761268,14,200.0,6562.0
423,84337,-0.3931426844229102,0.2825969781391529,1.3384803322231587,-0.15574459366855217,0.981374668846072,14,49.0,4111.0
424,84527,0.31228069393885716,0.22143622335597132,1.5127679697383178,1.2924576343673904,0.9454481856143677,14,52.0,6813.0
425,84582,1.0659718608926338,-0.11780210104402054,1.337664159465577,0.11277074655237686,0.9858123981772099,14,49.0,4095.0
426,84784,0.34598415320079323,0.21752563075028222,1.800812050987626,2.1043189037382755,0.97802361564351,14,26.0,7410.0
427,85411,0.8055400748080599,0.15966935953182737,1.2477256802557366,-0.1182402107700695,0.9947287077853484,14,58.0,4286.0
428,85527,-1.2592585745508267,0.37777728591141635,0.9385963679636821,-0.8818224374137914,0.9523751388378389,14,118.0,3171.0
429,85698,1.054392564669702,0.08878220522659748,1.788691782346516,2.1311676417989234,0.9482549181880956,14,28.0,6661.0
430,85715,1.1019871363992662,-0.10604813014013303,1.2394758315404888,-0.07857030490133772,0.9860595335882831,14,70.0,4180.0
431,85886,0.4955936977524339,-0.12572601085322377,1.5008103920526505,-0.3834811790026193,0.9837749898330412,14,12.0,1885.0
432,85929,0.7853950972181495,0.1488844958315097,1.5834809871405156,0.9019152900543158,0.9865934111193947,14,24.0,5132.0
433,86238,0.9815263082701128,0.12402920324459646,1.396821532631484,0.768017689634237,0.9840339494396959,14,44.0,6565.0
434,86431,0.9009361931496773,-0.15994183576127088,1.2661894846566217,-0.16526890270310163,0.9419358381206887,14,36.0,3088.0
435,86588,0.740935294516238,0.16982085909336894,1.2315593224787207,-0.14026167939060136,0.9964692248102325,14,64.0,5551.0
436,86607,-1.277645689159468,0.38023173983509456,0.5228708038815324,-2.236333304751348,0.9528626135464938,14,372.0,2919.0
437,86676,-1.265724789447997,0.3784158756468597,0.8981928324983024,-0.9849808330039503,0.9223925003012334,14,113.0,3093.0
438,87262,1.2611284254883393,-0.03895462801044176,1.0832389583791324,-0.19995523907019422,0.9977321809131965,14,158.0,6759.0
439,87490,0.9173695492674594,-0.16143258216582732,0.8714896069091849,-1.3140966915316912,0.9905135467565932,14,135.0,3262.0
440,87631,1.02796290354637,0.11269884298477396,1.3523732619736022,0.7608333180917318,0.9883874128881542,14,63.0,6938.0
441,87634,-0.8666087286820053,0.33604219771971927,1.1676923644937807,-0.6336894887778215,0.9953144813676198,14,56.0,3235.0
442,87721,0.5440959803030512,-0.09104662503899959,1.1005685075956337,-1.4134307798079928,0.9939300775687835,14,44.0,2121.0
443,88276,0.42302377745742564,-0.2413873076040845,1.0977190396554313,-1.6548798305546009,0.9972304447426336,14,27.0,1471.0
444,88426,0.6539077240630627,0.18341855997719295,1.2871171642698778,0.04216759713628286,0.9973655778361162,14,59.0,5771.0
445,89023,0.7704385727481533,0.16355670565320957,1.311472875097509,0.11035166758921845,0.9938732990486996,14,50.0,5072.0
446,89051,0.6476009224884054,0.11971816318425471,1.455522316508105,0.497274403619271,0.9875386919214275,14,40.0,7450.0
447,89338,0.8928318314286793,0.14283502893810798,1.2667040512935492,0.10690210603993554,0.9943406397945237,14,54.0,5068.0
448,89483,0.7661026082393207,-0.03203060718480062,1.1340688308839981,-1.556597803519001,0.953190164058288,14,38.0,2919.0
449,90171,0.9092700327877854,0.1245218761916547,1.6816513855969646,1.3767423812874306,0.9786694509685651,14,25.0,5268.0
450,90489,-1.2553873136210456,0.38096731971371595,1.0464716043523696,-0.551698998199667,0.9486045157383882,14,80.0,3214.0
451,90565,0.4970343675344602,0.20909804626847195,1.4173551801274393,0.49206739130117977,0.9960390945495101,14,50.0,6472.0
452,90568,1.2432825734308093,0.031757834776673766,1.2793032170343777,0.3204315997113789,0.9928661342800019,14,92.0,7199.0
453,91219,0.9816738939404426,0.11549873527623243,1.3098836762513721,0.5308431153099374,0.9833636498738499,14,67.0,6715.0
454,91248,-0.19380072452687203,0.29045581401077947,1.1480905973818323,-0.885929161025474,0.9966887297555167,14,50.0,2953.0
455,91428,0.27033364909128865,0.2393432813959525,1.3738906946105114,0.11087060214982468,0.9842354697448386,14,43.0,5719.0
456,91573,0.648698125003084,-0.04974987913591657,1.0836459081818937,-0.9560798460182376,0.9957050495909644,14,81.0,3502.0
457,91733,-0.819550172841884,0.34865631566859145,1.4151231994130977,-0.030856217350570724,0.9897750834698522,14,28.0,3083.0
458,91896,-1.2438050315238425,0.38024672868422277,1.2048895270134587,-0.11291386257036463,0.9643275128965305,14,54.0,3448.0
459,91947,1.1367346828497176,-0.1045066708755931,1.2469067720759042,-0.040790171781763876,0.9854044571392812,14,78.0,4445.0
460,92363,0.7561337058641214,0.16864077417139606,1.2434569810583855,-0.11457026969065472,0.9973189877608225,14,55.0,5269.0
461,92607,-0.4626859203229754,-0.2636758989572684,1.1415179178296946,-1.8495104401051023,0.9745818586960956,14,22.0,2098.0
462,92918,0.3969512211778383,0.1863572741826978,1.2878726601714172,0.2889877721535899,0.9717388760434212,14,107.0,8374.0
463,92949,-0.33056849966471225,0.3049158483572048,1.154168030107192,-0.6548860053191956,0.9832148230301402,14,76.0,3815.0
464,93184,0.3783850997124472,-0.2498980312935037,1.0636594793836323,-1.7437981742418096,0.9986574397864162,14,33.0,1617.0
465,93835,0.47400781048285534,-0.2342786674009387,1.0544401103439514,-1.8066518658091109,0.9984361209697977,14,33.0,1364.0
466,93995,-0.32716824147329837,0.3029861521651493,1.165270565133919,-0.6140290579779545,0.985264232281678,14,72.0,3794.0
467,94826,-0.5988322449581704,-0.3563809907026428,1.0584055788301159,-2.1262197651745463,0.9918134677620727,14,25.0,1414.0
468,95100,1.0785345399068995,0.0918400177078992,0.7439211320485378,-1.017900352650637,0.9986851560242151,14,449.0,6467.0
469,95119,-0.6827553032906365,0.3362017033565006,1.3604763613193842,-0.4405620887493504,0.9839428971417015,14,32.0,2669.0
470,95657,0.6191780071677347,0.08858713202363286,1.1446560782452155,-0.6837703184115699,0.9721602909718061,14,83.0,5133.0
471,95775,0.6520399377460044,-0.04751507086114085,1.1390797385277291,-0.7832068705128027,0.9970990109110281,14,66.0,3630.0
472,95915,-0.6678036755547533,0.3358062432883097,1.296766367194101,-0.6379676211333377,0.9815870264296818,14,37.0,2678.0
473,96054,-0.8566914195848297,0.35176024763479574,1.3194912781812291,-0.23807006070772935,0.9823253177983391,14,42.0,3217.0
474,96076,0.23457356271369384,-0.16330317226079824,1.418947510687869,-0.8195858469978462,0.9711613398506123,14,13.0,1175.0
475,96165,0.5603075866382128,0.1461047014576961,1.424495244626035,0.2538034518012819,0.9653444975740747,14,43.0,6783.0
476,96204,0.9842435949583775,0.12312233133522486,1.3662970134132215,0.677852400419219,0.9870989496545285,14,57.0,6730.0
477,96431,0.994305635622267,0.11257218025848544,1.3560016059117466,0.7020456522912888,0.983983728047358,14,58.0,7149.0
478,96817,0.49954622258129766,0.20767170839643642,1.4236148303364489,0.5199876105894494,0.9941681797163691,14,51.0,6500.0
479,96824,0.5535075778562312,0.14801773304950194,1.4124292300255257,0.23015384409362993,0.9641717936256831,14,41.0,6781.0
480,96902,1.2486100131474787,0.02748196268694175,1.2302002855340066,0.16446688324250913,0.9883143938843757,14,110.0,7141.0
481,97021,-0.7163780543075555,-0.36703020833030386,1.0177854955357213,-2.1258488553095405,0.9988960031210882,14,31.0,1092.0
482,97025,1.207392857311159,0.040139129804268675,1.4664651500249333,1.0217176003319817,0.9796281521600149,14,42.0,7307.0
483,97102,-0.5337070736856658,0.32300220612103275,0.9286238644007608,-0.9441822371928972,0.9965763200834968,14,154.0,4175.0
484,97175,0.5459789267508173,0.11469965104694459,1.3601136059519021,-0.2678067129804617,0.9737313248641531,14,38.0,5611.0
485,97422,0.9983568092273118,-0.13702637145109708,1.2674865865548925,-0.1552177528245601,0.986911395717345,14,48.0,3928.0
486,97461,-0.5777327158922008,0.32630701839876386,1.3411247574298768,-0.131856734504311,0.9863357031279187,14,43.0,3836.0
487,97503,0.497141441754932,0.19914428531938907,1.5024284826569603,0.8638348275923758,0.9954685539025873,14,40.0,6709.0
488,97942,0.027466949086502407,0.22425426989696096,1.251735073289751,-1.1242261733391803,0.9558163643202597,14,30.0,2843.0
489,98002,-0.44555094551140206,-0.341607894672948,0.9721070587377746,-1.656593411577703,0.9939491301598316,14,63.0,2073.0
490,98168,-1.0300616885456766,0.3548554488312918,1.36240094889792,0.16826479101734546,0.9860302630395108,14,41.0,3885.0
491,98177,0.3270868707313157,0.17063501554771712,1.5871426899383692,0.6718996938172654,0.9320902617857298,14,37.0,6719.0
492,98248,-1.0446032798646097,0.36653970037266265,1.158999499440848,-0.3843387609747149,0.9922074639442107,14,79.0,4136.0
493,98351,0.3644728178995033,-0.13730095438981735,1.0676099772615726,-1.2834938340138975,0.9906129493803121,14,59.0,1992.0
494,98449,-0.23864450744545807,0.2626714712772176,1.3491783170167222,-0.568954933796943,0.9601609157137203,14,35.0,3198.0
495,98455,1.0391828765794109,0.10164035023909371,1.3004550561576655,0.6752152120059777,0.9832648154433732,14,72.0,6853.0
496,98591,0.7311048585360826,0.16314804077789133,1.5775756886425956,0.9852510115226574,0.9786011338963775,14,22.0,5839.0
497,99233,0.5629651517689362,-0.08484540596042647,1.1474034749116189,-1.2299053549159953,0.9947113857614093,14,42.0,2270.0
498,99609,-0.8350410848087315,-0.3774440054795522,0.9856006170805813,-1.742172403254848,0.9964188009209864,14,59.0,2113.0
499,99853,-0.466471640717657,0.31750660971105527,1.148950878437212,-0.509406204451284,0.9914211524881799,14,82.0,4550.0
