centre_number,orbit_index,x,y,local_dimension,intercept,r_squared,fit_points,min_fit_count,max_fit_count,estimator,fit_min_radius,fit_max_radius,fit_min_mass,fit_max_mass
0,74,0.4302226876778682,0.20796590812948054,1.2780319488979666,0.2471675054708021,0.9917695818074346,18,18,3162,knn,0.0008493291667092968,0.050847497057226715,0.00018,0.03162
1,113,1.069211391277272,0.09396374307510369,1.2285904889713113,0.9725946145858567,0.989438370658679,18,18,3162,knn,0.00032977997400297337,0.036250977648888155,0.00018,0.03162
2,121,1.1968845579932177,-0.06310798548514296,1.3126716431768526,0.08654880959995052,0.9813450257769678,18,18,3162,knn,0.001100019918286347,0.05996578279472654,0.00018,0.03162
3,293,-0.6914485786277038,-0.3642543800591074,1.018168929833605,-2.0971288981331395,0.9952159277831238,18,18,3162,knn,0.0015146527986749142,0.20125573230585153,0.00018,0.03162
4,336,-0.7380139736431371,0.3230729948173671,1.178862891641379,-0.8827275976808934,0.9950667602667098,18,18,3162,knn,0.001304431531287326,0.11218500274016142,0.00018,0.03162
5,408,0.9163709933456514,-0.15653449547841805,1.447715033922726,0.6194517397830515,0.8789241735663588,18,18,3162,knn,0.002206541707771042,0.09511213057745986,0.00018,0.03162
6,448,-0.44568299462912286,-0.26166362090647566,1.204088054596641,-1.5638539443114,0.9620804588314625,18,18,3162,knn,0.0017260000956115203,0.13654060491340791,0.00018,0.03162
7,487,0.7627265973227032,0.1659968095858002,1.2529105043410507,-0.0678715948749975,0.9934293974173405,18,18,3162,knn,0.0014665402185247817,0.07586919113206957,0.00018,0.03162
8,792,-0.8615263576050468,0.3366302387460072,1.061012107275505,-0.9637654138860557,0.9937222080489088,18,18,3162,knn,0.0008961728449553835,0.09680915075933202,0.00018,0.03162
9,955,-1.03711045416874,0.355585665879958,1.4695650080321192,0.6239080104149144,0.9855197290054113,18,18,3162,knn,0.0018504508905184654,0.07988809266884421,0.00018,0.03162
10,1088,0.6325671454447322,0.12464561276038608,1.2822878726143285,-0.2816351703022433,0.9896042193711564,18,18,3162,knn,0.001429836140986461,0.062310874309297,0.00018,0.03162
11,1267,1.272584120461193,-0.01653920228518659,1.0383174957460086,-0.24832724225820138,0.9957094512452572,18,18,3162,knn,0.0003940126962013853,0.047617957497392845,0.00018,0.03162
12,1546,0.49248945900395635,0.16378774981655297,1.3521332950970189,-0.10084169335487471,0.9679718404508141,18,18,3162,knn,0.0012893341148097017,0.05661537113407292,0.00018,0.03162
13,1806,-1.0085107593071576,0.36375120737761707,1.2454847028510212,-0.22116646526492112,0.9974625440895694,18,18,3162,knn,0.0012720121677384383,0.08320412139859099,0.00018,0.03162
14,2759,1.2366109358163344,-0.0588931290452018,1.0725318403114967,-0.4795594151794378,0.9915851566561638,18,18,3162,knn,0.0005655912240433142,0.05116558987572108,0.00018,0.03162
15,2912,0.1810843909144896,0.24996187955063048,1.1912648796308127,-0.698039671423197,0.9904589519799862,18,18,3162,knn,0.0011365460195951874,0.08266606582631335,0.00018,0.03162
16,3171,-0.43924671613040656,0.31495569093844117,1.151224996873077,-0.6279434183127973,0.9946331944865805,18,18,3162,knn,0.0008680360207619495,0.07560379287176915,0.00018,0.03162
17,3557,-1.0151535629861834,0.35172404754590775,1.3940099189238664,0.23112820381380028,0.9899660912376729,18,18,3162,knn,0.0018068993551612182,0.08299081319320986,0.00018,0.03162
18,4110,0.0033309369779236098,0.2273988652558756,1.2200420366736127,-1.2070572268169075,0.9600184612273912,18,18,3162,knn,0.001444355552571173,0.11214077661715766,0.00018,0.03162
19,4141,-0.34455963791120103,0.27647331442306633,1.1321411838028108,-0.7266697233147517,0.9942375539931514,18,18,3162,knn,0.000909704175323936,0.08134359207811079,0.00018,0.03162
20,4396,0.5435676669713438,-0.09096761338729326,1.099263446280263,-1.3911057513611076,0.9943985318108889,18,18,3162,knn,0.0015613917430667226,0.13316510096281306,0.00018,0.03162
21,4447,0.9159792940176962,0.13610252645308454,1.3755515755032757,0.7365609409345376,0.990971635989996,18,18,3162,knn,0.0013455286244448905,0.05871919430423288,0.00018,0.03162
22,4500,1.1907710270607952,-0.06660813346857954,1.416228772022876,0.4264362356720119,0.9848249373287358,18,18,3162,knn,0.0013962494678962864,0.06191906807428346,0.00018,0.03162
23,4585,-0.7545672852564114,0.3432546187218441,1.275223283762604,-0.6329634075191832,0.9874582821460769,18,18,3162,knn,0.0017907822158483835,0.10968095879205295,0.00018,0.03162
24,4804,-0.435182638009062,-0.2604146564390733,1.108012865691832,-1.8236768702628703,0.9619869812671236,18,18,3162,knn,0.0017427395427036805,0.1406447609925063,0.00018,0.03162
25,4893,-0.9081208377235819,-0.38360028618626785,0.7571050771596195,-2.2203081901537125,0.9760910561069513,18,18,3162,knn,0.00035687039827202416,0.34474174333832125,0.00018,0.03162
26,5430,-1.1437481580814732,0.3695240760447189,1.0061104930146956,-0.5957243602346046,0.9554063027232441,18,18,3162,knn,0.0006461217638155039,0.07947384553007618,0.00018,0.03162
27,5524,0.8416174641181653,0.14343895015442515,1.5801184769283165,1.1331390173195364,0.9823123917959147,18,18,3162,knn,0.002335276157211751,0.07060433449597202,0.00018,0.03162
28,5613,1.045394547256677,0.10822790267389727,1.61894154295039,1.9996447565149815,0.9937549071022044,18,18,3162,knn,0.0012585071017953274,0.037353796997814256,0.00018,0.03162
29,5757,0.30714544904545144,0.20911241903074745,1.0860874801094946,0.27448246010833915,0.9731741533945648,18,18,3162,knn,0.000414530772837502,0.041581772019800345,0.00018,0.03162
30,5854,-1.0577628143846225,0.3578543536208675,1.4089956124033873,0.5496118520509433,0.9737606911537879,18,18,3162,knn,0.0017539115528701335,0.07532738519469126,0.00018,0.03162
31,6469,-0.9302297175610049,0.3576657821300619,1.3425586756613033,-0.09238377666377123,0.9948649720646694,18,18,3162,knn,0.0017508188229587956,0.09167699735946763,0.00018,0.03162
32,6473,1.010025329862431,0.1126144579920924,1.5233601467796223,1.5748538999719357,0.9796017968435972,18,18,3162,knn,0.0015673801062604782,0.0472208269181269,0.00018,0.03162
33,6586,-1.2782882102948678,0.3812372130918777,0.9028447465442313,-0.7562425623731651,0.9041197857855505,18,18,3162,knn,0.0004488797541473447,0.11726657160443187,0.00018,0.03162
34,6684,-0.7083456088101726,-0.36630111433042656,0.9985581115821035,-2.125463275680302,0.9957326301664129,18,18,3162,knn,0.0014942664273264554,0.19759655846397844,0.00018,0.03162
35,6844,0.663086666578843,0.1843539890486045,1.3253212651394506,0.12441677401937352,0.9956744475168773,18,18,3162,knn,0.0015828221657710768,0.07038921926584203,0.00018,0.03162
36,6964,-0.10295183912755379,0.28152335100800496,1.086760382300888,-1.1456373015808006,0.9964262472320685,18,18,3162,knn,0.0010600209238535495,0.10867882330930413,0.00018,0.03162
37,7049,1.076526371077959,0.09345352432672957,1.1766152628192512,0.9080625586767155,0.9737255211041507,18,18,3162,knn,0.0003350037669820077,0.03775534115609529,0.00018,0.03162
38,7317,0.6911396991993655,-0.019357243598234545,1.040342507247474,-0.8686878875392579,0.9981112341332632,18,18,3162,knn,0.000664979527856918,0.0753699568421389,0.00018,0.03162
39,7698,0.7943432321831366,0.14726706596721922,1.476570966314494,0.5530495217256285,0.9798704242912821,18,18,3162,knn,0.0015739055030697595,0.07506056714731332,0.00018,0.03162
40,7706,1.1115287201925592,-0.11224479586235138,1.1080385371652317,-0.4984529191767401,0.9898833035321574,18,18,3162,knn,0.0006515391807730002,0.07299541235369954,0.00018,0.03162
41,8209,1.1425239805882448,0.07921230821731716,1.2831002413349335,-0.008424436514688992,0.9979446914229002,18,18,3162,knn,0.0012812840680183782,0.0639054181064076,0.00018,0.03162
42,8405,0.40469982704716356,0.22179987510394844,1.3129649781817563,0.11013410945603012,0.9823138763034863,18,18,3162,knn,0.0010631728975435042,0.05074495181340061,0.00018,0.03162
43,9117,0.3573316056416068,0.1883682681802,2.1568485959963835,3.2778752664770576,0.9720108191047633,18,18,3162,knn,0.0035685747904704492,0.044438124290484965,0.00018,0.03162
44,9298,0.7856512233777361,0.15469474972843666,1.5651316471389978,1.0290012093363887,0.9623069820644874,18,18,3162,knn,0.001886720177589291,0.07473525222988563,0.00018,0.03162
45,9478,-1.282566931737852,0.38082529322871816,0.8139004465200738,-1.1483050035309705,0.9229859230699927,18,18,3162,knn,0.00023433838602895574,0.12147476589306401,0.00018,0.03162
46,9703,-1.05844994985259,0.36510789462600035,1.1979466747135759,-0.05557901684103636,0.9484137433149942,18,18,3162,knn,0.0015937136451308835,0.07474036487032673,0.00018,0.03162
47,9870,-0.550484885127284,0.32482038179918843,0.9105420317596618,-1.172131509617328,0.9961609254854048,18,18,3162,knn,0.0002835583073635583,0.07368224449694115,0.00018,0.03162
48,10045,1.179840339795951,0.05311835091340021,2.0228508444401427,2.922681520271549,0.9631020629764936,18,18,3162,knn,0.0032478336516635997,0.05538482637390208,0.00018,0.03162
49,10066,0.47441126901951547,0.16822134020093168,1.3293806183277779,-0.14666098651959894,0.9663700837092271,18,18,3162,knn,0.0013828871764213955,0.0538748301204511,0.00018,0.03162
50,10087,1.0813581996995345,0.09099478751182695,1.130215223787577,0.6533905832767491,0.9537869534673582,18,18,3162,knn,0.00044267482935241443,0.039546082801239155,0.00018,0.03162
51,10232,0.9201070955264565,0.13538882601223037,1.3580140891097845,0.715567715855824,0.9841808264829369,18,18,3162,knn,0.0014115819847722664,0.05799504769109622,0.00018,0.03162
52,10360,0.6380358817474905,-0.054658217199147215,1.028101769349146,-1.1305702208639508,0.9992132064578905,18,18,3162,knn,0.0007709823390646081,0.09893988250949959,0.00018,0.03162
53,10589,1.161668636142833,0.050016583035616506,1.4092698309455247,0.2377995829631575,0.9605045274795541,18,18,3162,knn,0.0011568808901903547,0.06162940395552847,0.00018,0.03162
54,10793,0.6360923799453434,-0.08814535717569648,1.456997354664966,-0.4172846969549907,0.9495649702016368,18,18,3162,knn,0.0026671619941648125,0.11447457623767977,0.00018,0.03162
55,10876,0.08600127061912244,0.261246228519338,1.1665779688775808,-0.8808337711344014,0.9937081397402531,18,18,3162,knn,0.0013045853874934664,0.0970719280876535,0.00018,0.03162
56,10903,0.6585828109087907,-0.04373783865794663,1.1140397363041024,-0.888279820655857,0.9949329251686532,18,18,3162,knn,0.0007573588823827926,0.08664486596919808,0.00018,0.03162
57,11247,1.0377893098667685,0.10511698257109922,1.575676521537792,1.9503843002536174,0.9806236165304577,18,18,3162,knn,0.001427341996828365,0.04013388135889379,0.00018,0.03162
58,11313,-0.27060296343458823,-0.24007459715483218,1.195036398508985,-1.8190249724992236,0.9625980441973606,18,18,3162,knn,0.0030632828242423233,0.16501862382120208,0.00018,0.03162
59,11330,-0.31317224590787907,0.27179656097983923,1.2049874132397949,-0.6383520874828806,0.9881137501947663,18,18,3162,knn,0.0009656895427566342,0.08578032325414243,0.00018,0.03162
60,11464,1.2164749443535423,-0.04702368947967738,1.2922027306499135,0.03483760131413152,0.9728203663714773,18,18,3162,knn,0.0009058231721536173,0.05141068730992087,0.00018,0.03162
61,11601,0.27400539471394075,0.23765271303591198,1.255485653575134,-0.316030311635566,0.9850259340409678,18,18,3162,knn,0.0014445684650344493,0.059502650500580914,0.00018,0.03162
62,11611,-1.0509542627249162,0.3645567090298791,1.2713168815450202,0.1713375240113547,0.9656229824161854,18,18,3162,knn,0.0017049639861265388,0.07710704598960871,0.00018,0.03162
63,11630,1.2131873340185046,0.037171874652331474,1.3858325819244923,0.9340309682644943,0.9928510256582914,18,18,3162,knn,0.0009137623580151096,0.049198731612463645,0.00018,0.03162
64,11644,0.36942196008002953,-0.1361540479067804,1.1410496693028163,-1.0659752898385155,0.9945825995506521,18,18,3162,knn,0.0012663979400031227,0.123224850506458,0.00018,0.03162
65,11676,-0.34585448520814954,0.2759773822070187,1.1204132300507237,-0.7841977033319375,0.9929074999824001,18,18,3162,knn,0.0008708135037099402,0.0811011381972666,0.00018,0.03162
66,11778,0.6921199940752938,-0.019795466386661076,1.088402356694918,-0.6949056298783549,0.9936811619669993,18,18,3162,knn,0.0009744909201037413,0.07560834837363027,0.00018,0.03162
67,11808,0.3853440907671426,0.22341195437133513,1.3108001623442382,0.15943506712740435,0.9829286194823409,18,18,3162,knn,0.0012019050313619639,0.05057930050643204,0.00018,0.03162
68,11865,0.006512101939712134,-0.20141626790285744,1.2457058605045397,-1.8980274797287473,0.9558518320307796,18,18,3162,knn,0.003610142618465202,0.18862355939321712,0.00018,0.03162
69,12085,0.30315429739543964,0.21044611482876222,1.048473790444015,-0.017307774870850695,0.9898005632327842,18,18,3162,knn,0.000337591236911343,0.04277334768545464,0.00018,0.03162
70,12413,0.47472627383145993,0.13612054499211904,1.172817310443085,-0.9759287117787154,0.9685545652223446,18,18,3162,knn,0.0013463378414917224,0.07526190864946927,0.00018,0.03162
71,12545,0.6884238305347659,0.17774554738027837,1.4369439432961255,0.5640875047964881,0.984889146967226,18,18,3162,knn,0.002330162470538266,0.07056995393184577,0.00018,0.03162
72,12895,-0.381091409117528,-0.2539221108471249,1.1383846525264918,-1.8085667803421939,0.9680663542817259,18,18,3162,knn,0.0020451796001649198,0.14776890188230135,0.00018,0.03162
73,12947,1.1883746218933413,-0.06845431285349696,1.3930351913907564,0.32941624575531947,0.9824396760879472,18,18,3162,knn,0.0013488252083679855,0.06297601320604677,0.00018,0.03162
74,13033,0.48772960869812904,-0.12754531189454724,1.446717044002916,-0.5108475032385944,0.9820913535862545,18,18,3162,knn,0.0029892473168922316,0.11997179836977478,0.00018,0.03162
75,13092,0.48017687276696164,0.13397103143474556,1.271659558115936,-0.626869534253046,0.9832626440726444,18,18,3162,knn,0.0017281985697037952,0.07646495690370389,0.00018,0.03162
76,13237,0.7065652622882785,0.09752942996230372,1.6593561768126244,1.0673738110348783,0.9844085643088424,18,18,3162,knn,0.002991952920295913,0.06882571962647425,0.00018,0.03162
77,13386,0.39858011388359865,-0.24492305104629358,1.1741039480206985,-1.340178701665247,0.993357409850107,18,18,3162,knn,0.0022533331431973387,0.12257352285658277,0.00018,0.03162
78,13571,-1.0440007854491915,0.35638042733016395,1.4244516351237548,0.5013468573001693,0.9804155979519994,18,18,3162,knn,0.0018332335927451298,0.07910818792306308,0.00018,0.03162
79,13861,0.5002809227754261,-0.1246418748150673,1.514717004723998,-0.30365909222464,0.9872452433690936,18,18,3162,knn,0.0039051243894652476,0.12149760226401166,0.00018,0.03162
80,14327,-1.1050041527319836,0.3709354914915831,1.494759386354375,0.8714203809102331,0.9884675804663681,18,18,3162,knn,0.0017703571196198596,0.07005735554425316,0.00018,0.03162
81,14387,0.8122731909293912,0.14397701190049708,1.6188402289271195,1.1136700533478485,0.975128921072718,18,18,3162,knn,0.0019227144022396013,0.073972783010301,0.00018,0.03162
82,14783,0.7126447135220072,0.16710281527903695,1.3903161639614985,0.3901795509024677,0.9823245217921199,18,18,3162,knn,0.0013784768488802762,0.06896276992810914,0.00018,0.03162
83,14928,-0.6677740218493429,0.3349041660442641,1.22187580559363,-0.8890094481507008,0.9831430819939839,18,18,3162,knn,0.0014886780219133615,0.11469335828967227,0.00018,0.03162
84,14944,0.5343854467032434,0.18815105175294405,1.5249036819982873,0.856252903998844,0.9943480874328201,18,18,3162,knn,0.0017558481640568382,0.058754827205067625,0.00018,0.03162
85,15250,0.792583483797305,0.16061783570367485,1.317179618114804,0.19818396755322773,0.9875857555602434,18,18,3162,knn,0.0017801174743511305,0.07504196933438467,0.00018,0.03162
86,15454,0.7557242835821087,0.16889058437041019,1.336295909591479,0.22990952268230702,0.9909338896573575,18,18,3162,knn,0.0015069995271119003,0.07608089783505112,0.00018,0.03162
87,15461,0.49944429444990335,0.12936330553120293,1.1680431461478946,-0.9858750092544323,0.975017792636617,18,18,3162,knn,0.0012139619652764848,0.07757610864449566,0.00018,0.03162
88,15686,0.3664813056995025,0.20837860625155258,1.4924902466737662,1.0737179551226694,0.9842091733558658,18,18,3162,knn,0.0011129615958368052,0.04451588052731896,0.00018,0.03162
89,16175,0.30808959043962836,0.20812938484405005,1.1855280522075158,0.6465112284822055,0.9759555512945026,18,18,3162,knn,0.0005708618434093243,0.041226403146340594,0.00018,0.03162
90,16204,-1.0526989492665106,0.3572967111902167,1.4692913772632286,0.7383286983070588,0.9701699642426597,18,18,3162,knn,0.0018442528992587783,0.07684128582416684,0.00018,0.03162
91,16381,0.059022426271631734,0.2192230153461338,1.4882823574937882,-0.37412806841448876,0.9700569066876777,18,18,3162,knn,0.0035656243800255643,0.10220473578927981,0.00018,0.03162
92,16408,0.38514528054560143,0.1890497476632185,1.1979433863196514,-0.1408031684249022,0.9877546446425041,18,18,3162,knn,0.0007308705304653029,0.0466568408839806,0.00018,0.03162
93,16570,0.7602773794160217,0.16643075276803806,1.2541360027648858,-0.0505102924293377,0.9926347675713433,18,18,3162,knn,0.001484989152520348,0.07582642790046451,0.00018,0.03162
94,16772,0.6935820840819462,-0.016837954873697537,1.120428941548604,-0.5648629854474951,0.9968638741091502,18,18,3162,knn,0.0008613586731473044,0.07599007882063896,0.00018,0.03162
95,16789,0.10614680946968483,0.21097874395617747,1.4511161235798247,-0.2889498088594531,0.963621919830882,18,18,3162,knn,0.0024050947163356973,0.09744547823363806,0.00018,0.03162
96,16896,1.222162581367216,-0.041421141466937074,1.2167728726809552,-0.23069857645583797,0.9676569913084494,18,18,3162,knn,0.0007601435859438294,0.04904795405416288,0.00018,0.03162
97,16965,0.22577606639295694,0.24445504623050457,1.2234019225611588,-0.5836693134743479,0.9979960921901784,18,18,3162,knn,0.0013244239595333266,0.08453878539418934,0.00018,0.03162
98,17032,-0.21330058298572063,-0.3176429622801254,1.0430094914653514,-1.5787860170764982,0.9901104983169875,18,18,3162,knn,0.0016533843739350751,0.16204340197882497,0.00018,0.03162
99,17178,0.8866289615301229,0.14444257249217393,1.4157954126741277,0.6881446912571146,0.9909174565094364,18,18,3162,knn,0.0017198572025573847,0.06457080665654305,0.00018,0.03162
100,17231,0.6602304479034979,0.18484147141959625,1.3072853012886214,0.06230021125391063,0.9958321409557458,18,18,3162,knn,0.0015191579553305388,0.070210594111559,0.00018,0.03162
101,17299,0.20902918216351446,-0.2697220688202632,1.0847724300511834,-1.5966347179139464,0.9932694263178378,18,18,3162,knn,0.0018591367087184962,0.14635098649259606,0.00018,0.03162
102,17543,0.2533952992080431,-0.17373559371340272,0.9558345416063686,-1.86377919258367,0.9907302716685077,18,18,3162,knn,0.000948569227937898,0.12754467447247797,0.00018,0.03162
103,17623,-0.5215170914169489,-0.270519650958073,1.0626941110111474,-1.63726840155786,0.9963164362246001,18,18,3162,knn,0.0013225697435293275,0.15410934424922101,0.00018,0.03162
104,17750,0.6817147582348432,-0.029036077016843825,1.0827301121756339,-0.8199186301935911,0.9952509043662184,18,18,3162,knn,0.0009240335907528261,0.07580792871869299,0.00018,0.03162
105,17764,-0.40428949510650464,0.3114924618199794,1.177695155096101,-0.5725761706167419,0.9952090928426397,18,18,3162,knn,0.0010583115424249762,0.07710980023579882,0.00018,0.03162
106,17861,0.6044637653232282,0.12793005927097598,1.5544452046829487,0.6126944106337041,0.9877338874926002,18,18,3162,knn,0.002493665661431639,0.06404548309783922,0.00018,0.03162
107,18210,0.6027456910666003,0.1284523426720367,1.517495552465088,0.46601205649950217,0.9865102194608033,18,18,3162,knn,0.0021614348663775247,0.06397140685717094,0.00018,0.03162
108,18350,0.8279071974181389,-0.17507545975176536,1.209399388786667,-0.9812923882722231,0.9955407980848163,18,18,3162,knn,0.0020639316067010264,0.12933128694590088,0.00018,0.03162
109,18945,0.301545819059002,-0.16521154716759648,1.2330009645377,-1.0470812473284994,0.9928698168994834,18,18,3162,knn,0.0015907683193650732,0.11706608908993586,0.00018,0.03162
110,18968,-0.44143955356385506,-0.26115971773483015,1.249040677555069,-1.4145571687947254,0.9741767581564893,18,18,3162,knn,0.002963192644967883,0.1389506438498115,0.00018,0.03162
111,19637,-0.8614540075318181,0.35209090005169424,1.329769675771744,-0.18690815745629155,0.9909531408874229,18,18,3162,knn,0.001712832875309558,0.09704198011803158,0.00018,0.03162
112,20025,1.077804188689966,0.09581861044882564,1.6109028014154256,2.626911161036622,0.88529741789512,18,18,3162,knn,0.001023709530941541,0.03805412216260918,0.00018,0.03162
113,20063,1.047180711468402,-0.12343339620158911,1.2469022830118386,-0.2436059060512004,0.9827459075448769,18,18,3162,knn,0.0008486200648012715,0.0793552193024344,0.00018,0.03162
114,20373,0.5174463827988515,-0.23032563555624458,1.167814925431433,-1.3837446002807012,0.9948664888349303,18,18,3162,knn,0.0023931799588753438,0.1391591517230567,0.00018,0.03162
115,20483,0.46356867278433767,0.19725730719699794,1.5177581842831285,0.9550129270869447,0.9816375364638346,18,18,3162,knn,0.0014125061376402623,0.05400131121616583,0.00018,0.03162
116,20897,-0.004789838435500682,-0.2963350694483463,1.133053739966109,-1.6103943979014326,0.9979636829520888,18,18,3162,knn,0.0022529346110254224,0.17776415792641045,0.00018,0.03162
117,21045,1.1723908238073315,-0.09131511650782516,1.1933641040220209,-0.29182718015620224,0.9958546290632808,18,18,3162,knn,0.0008211050678220075,0.06563271810313646,0.00018,0.03162
118,21114,0.4297998812113991,0.14754742556636594,1.1618390744395868,-1.0462379054826543,0.9461396437080962,18,18,3162,knn,0.000838166352253117,0.06903559849340339,0.00018,0.03162
119,21121,0.7238097912559964,-0.055286108088805436,1.271329321633744,-1.0880771931731024,0.9400644402560365,18,18,3162,knn,0.0016822056834021218,0.09738434891681041,0.00018,0.03162
120,21164,0.7112922861000542,0.17392161079514615,1.347611956585425,0.28454565703618323,0.9925391019649183,18,18,3162,knn,0.0015404247276139401,0.07304449102869379,0.00018,0.03162
121,21260,0.6413591591723111,-0.0535797513733368,1.0593003017062013,-1.0283429748413249,0.9996546246891362,18,18,3162,knn,0.0007640248389512837,0.09681098379008435,0.00018,0.03162
122,21274,0.6709325665197772,-0.036808591632473055,1.1084870651343885,-0.8201168505931324,0.9966529455359874,18,18,3162,knn,0.000928786688435828,0.08034719084803905,0.00018,0.03162
123,21358,-1.0295107803434214,0.3644261578939199,1.301112803038635,0.03724949777586303,0.9945413748310037,18,18,3162,knn,0.0014132777152239206,0.0807309684068332,0.00018,0.03162
124,21972,0.5162926299363644,0.1905842848474188,1.568234837254296,1.0243786708270255,0.9957879560634851,18,18,3162,knn,0.0017996320778484627,0.05831999799297639,0.00018,0.03162
125,22087,0.609156083664603,0.13205718981832223,1.1714631129222888,-0.7414417646166407,0.973651965526603,18,18,3162,knn,0.0009438888233465859,0.06067050184744545,0.00018,0.03162
126,22324,0.12692720742381897,0.25552432776377315,1.2463886656224161,-0.42133134174398545,0.9884926405746804,18,18,3162,knn,0.0011154163270139024,0.09049714596546087,0.00018,0.03162
127,22417,1.0133267975314408,0.11638825314257185,1.5014805000099523,1.3627836661935944,0.991879731385344,18,18,3162,knn,0.0012539155702438916,0.04722286745438658,0.00018,0.03162
128,22421,0.0065009419222929465,-0.29365146272246817,1.1223794718602251,-1.6416003797710863,0.9981060919707763,18,18,3162,knn,0.0020337150338079263,0.17882559887586894,0.00018,0.03162
129,22570,1.0595644341161856,-0.1274736454199408,1.2126160923117097,-0.282545917285898,0.9961243726589454,18,18,3162,knn,0.0010399577383867983,0.07724724486780958,0.00018,0.03162
130,23170,0.6880188116760777,-0.20425181965556988,1.1787664989732654,-1.3891848596138787,0.9909856175013303,18,18,3162,knn,0.0029499591368768005,0.15682629775362394,0.00018,0.03162
131,23404,1.131971974229394,-0.10602287056142869,1.2178085601406143,-0.09201542277444331,0.9925260796353569,18,18,3162,knn,0.0007970846623578055,0.07124101516512962,0.00018,0.03162
132,23955,1.0456397252730283,0.10520620505009536,1.7087096685185594,2.551460831360095,0.9638542939557627,18,18,3162,knn,0.002186543025378316,0.036476075496373786,0.00018,0.03162
133,23991,0.552015199069516,0.20135765163725342,1.4750840235773481,0.659986813365605,0.9957479928116214,18,18,3162,knn,0.0018941185439499098,0.06365015738636771,0.00018,0.03162
134,24157,0.09682952360080149,-0.2831784794605537,1.0399374174647469,-1.8342790742131483,0.9950498447307325,18,18,3162,knn,0.0017848654593490513,0.1770206662697571,0.00018,0.03162
135,24336,-0.27243108529536575,-0.32460918852195264,1.076048097980639,-1.6880895207383508,0.9941597852826709,18,18,3162,knn,0.0014862167756050392,0.15461488125808992,0.00018,0.03162
136,24525,-0.013379685828285665,0.23054790973625117,1.1543841317001613,-1.3726817461223195,0.9610938253154799,18,18,3162,knn,0.0013140131968245462,0.11888186168867705,0.00018,0.03162
137,24703,1.2228530802972042,0.03277686223695878,0.8147649589330829,-1.306764985223549,0.983058876388989,18,18,3162,knn,0.00014297996620341545,0.0475524612389109,0.00018,0.03162
138,24989,0.11748783475256866,0.2566199028561703,1.221476248852558,-0.5002523370245713,0.9917651493011046,18,18,3162,knn,0.0013340136862762307,0.09204809029053808,0.00018,0.03162
139,25001,-0.6521468977723777,-0.3606526121835783,1.0585944913303533,-2.0683057928745705,0.9875526525995947,18,18,3162,knn,0.0016220513010116052,0.19224402291778414,0.00018,0.03162
140,25036,0.7496257303754754,0.07650276621002412,1.335614218372731,-0.34541435439548934,0.9760455398834719,18,18,3162,knn,0.0018539142117360793,0.08043131650812184,0.00018,0.03162
141,25083,0.252895131780014,0.24150467388448343,1.2765437370227488,-0.4076566379635366,0.9925715852302174,18,18,3162,knn,0.0014876342437324047,0.06845440261818743,0.00018,0.03162
142,25251,1.2111449600129838,0.0507624149776379,1.2772229967759348,0.3413027662333111,0.9929430297683561,18,18,3162,knn,0.0008210750061881694,0.052776108085596414,0.00018,0.03162
143,25531,1.1028761452868558,-0.10574474022798254,1.2517267948673494,0.016322422723171616,0.9930092669642158,18,18,3162,knn,0.0009393520325246273,0.07301434135739257,0.00018,0.03162
144,25625,0.4660658794756807,-0.2378515378188296,1.1727975545633762,-1.3545212543710188,0.9935979759777146,18,18,3162,knn,0.0025628624754895513,0.1340397119438182,0.00018,0.03162
145,25672,1.0764859570599126,0.09211956508920519,1.152255963968455,0.8060927500100723,0.9781907420669969,18,18,3162,knn,0.0003126319929873215,0.037797161943465066,0.00018,0.03162
146,25718,0.8709879542372232,-0.17126864424854008,1.280990664242143,-0.49561316547139933,0.9955903046324092,18,18,3162,knn,0.001923974460698584,0.11143987236206124,0.00018,0.03162
147,25978,0.8681773257378385,-0.17177051874830598,1.2562862500966174,-0.6044265923775913,0.9934914867492793,18,18,3162,knn,0.0015655453173269362,0.11234769789242324,0.00018,0.03162
148,26356,-0.576594499698648,-0.2767851660430976,0.9111016131402193,-2.0036764061833905,0.9823841635099507,18,18,3162,knn,0.0010168851898694723,0.17367705392538868,0.00018,0.03162
149,26631,-0.9266939968190846,-0.3852228723419417,0.7428471180019962,-2.3687860879955562,0.9563789503863234,18,18,3162,knn,0.0005575107989849727,0.36300086040414414,0.00018,0.03162
150,27211,1.002844692157373,0.11446828720059517,1.5676599594313714,1.7028090929553947,0.9807192836844348,18,18,3162,knn,0.0015789092352522138,0.04810762308038567,0.00018,0.03162
151,27302,-0.7897008685644259,0.32878794435766795,1.1433083453994484,-0.9023495536632746,0.9932780177722895,18,18,3162,knn,0.0011650033516917941,0.10500440199556277,0.00018,0.03162
152,27786,-1.2751083847290732,0.38156273480968017,1.0063132969373698,-0.41058256412814315,0.9238997234687472,18,18,3162,knn,0.0004224935177986407,0.11415228106250097,0.00018,0.03162
153,28197,1.2190997864420323,-0.044925118640534986,1.2726113255341611,-0.026449005365867254,0.9708340519583871,18,18,3162,knn,0.0009576354849095236,0.05029885089227333,0.00018,0.03162
154,28207,1.2420976355605515,0.03261411293150143,1.2051920899777133,0.008008455637752973,0.9949157267957246,18,18,3162,knn,0.0007743637334064469,0.048102141775500554,0.00018,0.03162
155,28251,0.4962034346213625,0.199274576804346,1.4724898470235173,0.7669320225484652,0.9927434488804301,18,18,3162,knn,0.0014789177247337992,0.057036673931027466,0.00018,0.03162
156,28328,0.3070459425347496,0.22203034719885156,1.4958086693335129,1.3159199414957878,0.9489418634395997,18,18,3162,knn,0.0010024108109489471,0.04551511297735761,0.00018,0.03162
157,29856,0.5329439166712862,0.11953183807528278,1.3050945174227766,-0.5404280800596796,0.9814698637082132,18,18,3162,knn,0.00208965611800455,0.07919443601947687,0.00018,0.03162
158,29931,1.0023214367897568,0.11460801886976485,1.5713337053204692,1.712232851056895,0.9795007329934308,18,18,3162,knn,0.0015668100859483666,0.04826691978003232,0.00018,0.03162
159,30229,0.5704269144314843,-0.1071484925665878,1.3700196333997554,-0.7607502651051757,0.9695513406593823,18,18,3162,knn,0.002126318766628297,0.11840816256216345,0.00018,0.03162
160,30447,-0.3127453772309289,-0.3289389450104197,1.0898093049599864,-1.610033971674497,0.9948383817841909,18,18,3162,knn,0.0017752523160385206,0.14700585984735964,0.00018,0.03162
161,30601,0.387215347168152,0.18867321454765046,1.2234325832371051,-0.04537359494901511,0.989861492806315,18,18,3162,knn,0.0007484655889219224,0.04667766925849013,0.00018,0.03162
162,30625,0.5606283912271804,-0.08533495760702316,1.0704704463685217,-1.4810951550977778,0.9910926277995107,18,18,3162,knn,0.0010445568181360648,0.13434208248523155,0.00018,0.03162
163,30747,0.31813640565036677,0.23333157228848792,1.4454068678849137,0.7671761342167214,0.9686739021328127,18,18,3162,knn,0.0014675096218206736,0.044197324428293085,0.00018,0.03162
164,30868,0.34042480849046497,-0.25266261950082075,1.124207703344136,-1.36731059963255,0.9927818591440386,18,18,3162,knn,0.001895007320595984,0.12213948657674994,0.00018,0.03162
165,31554,0.7078095661770151,0.00937081399086831,1.1272035520593122,-0.44612610727712815,0.9869477468331377,18,18,3162,knn,0.0008553060709987477,0.07381509904412235,0.00018,0.03162
166,31556,1.0795516562483192,0.09239360376914893,1.0326905282018048,0.32318952402382417,0.9639309168180442,18,18,3162,knn,0.00026201559888770466,0.03882684441309653,0.00018,0.03162
167,31575,-0.43046426216952566,-0.2598496826647458,1.134350897392399,-1.7551832879606752,0.9648941165406147,18,18,3162,knn,0.0018638388784991981,0.14116045249031925,0.00018,0.03162
168,31595,0.6618342171650131,0.06629598054865281,1.1780587271216185,-0.57128110358788,0.9901048739515462,18,18,3162,knn,0.0009722137939527492,0.06448681199453353,0.00018,0.03162
169,31704,-0.929697204111979,0.35757284208872814,1.339446002156559,-0.09830461436225077,0.9950716183729509,18,18,3162,knn,0.0017011962761420102,0.09173679361894345,0.00018,0.03162
170,32368,-0.0552999873230163,0.27579048416525626,1.0322828337240648,-1.294399718880875,0.9955797521938994,18,18,3162,knn,0.0010144275402702533,0.11202857037958301,0.00018,0.03162
171,32694,-0.16105234468931146,-0.22554697602325957,1.2422018719823607,-1.7974863987197436,0.952452406112247,18,18,3162,knn,0.0035340640376292864,0.17484852553459684,0.00018,0.03162
172,33002,-0.6116055260631003,0.30874867293852404,1.1655925225961985,-0.9053057892033143,0.9877651647355536,18,18,3162,knn,0.0011658681981656955,0.09120671263876837,0.00018,0.03162
173,33013,1.2556528344152513,0.021305930685700584,1.112167663967635,-0.28649444273351643,0.9936320265698938,18,18,3162,knn,0.0006621542298239788,0.04637048901265642,0.00018,0.03162
174,33059,-0.9249244575448863,-0.3850337339377901,0.666102218934125,-2.532122245681682,0.9749424306478137,18,18,3162,knn,0.00020112114378162616,0.36125538204937174,0.00018,0.03162
175,33147,-0.3082787762644917,-0.32821399807141216,1.0214217545432411,-1.8118892194346479,0.9925694067841567,18,18,3162,knn,0.0012851403702949737,0.1475751576791149,0.00018,0.03162
176,33444,0.5774127121754812,0.10409108795644391,1.211243973993732,-0.7024314226738119,0.9909207389414979,18,18,3162,knn,0.0013841349195820322,0.0823931086155836,0.00018,0.03162
177,33533,-1.075597195784132,0.35794212355857946,1.374688007446956,0.3524405224504496,0.9952496512888113,18,18,3162,knn,0.0015883321690231753,0.06955500385581083,0.00018,0.03162
178,33561,0.24220561252307699,-0.1756623428281128,0.8918018654750327,-2.1492811471561,0.9804942512110133,18,18,3162,knn,0.00045026345403238033,0.13019774289429756,0.00018,0.03162
179,33588,-0.33794438496341167,-0.33145199330171254,1.0130178405927983,-1.8218056617384943,0.9897856716495533,18,18,3162,knn,0.0010736660004950903,0.14138649168776962,0.00018,0.03162
180,33791,0.2850581196569169,-0.2599339815600042,1.1043012848429798,-1.431532351657519,0.9940896023517474,18,18,3162,knn,0.0018572814357402066,0.13196212647735828,0.00018,0.03162
181,33864,-0.552029830412881,0.324973019661831,0.9106780405298105,-1.2399893552809857,0.9919055447636641,18,18,3162,knn,0.00023513408493672504,0.07432016686851795,0.00018,0.03162
182,34095,0.6002729993081334,0.17875803881250502,1.597609217450541,1.0875346360091718,0.9928275019745397,18,18,3162,knn,0.0019213502772377667,0.06002245987334798,0.00018,0.03162
183,34774,1.253540112626303,0.02246129466223689,1.0973516878303273,-0.357150514956588,0.9921700825199857,18,18,3162,knn,0.0006341531963001302,0.046237730442525715,0.00018,0.03162
184,35028,0.6774340858212915,-0.032284527803114096,1.1234743935699343,-0.7003505671515409,0.9962743694313457,18,18,3162,knn,0.0010264055838692554,0.07739563449373159,0.00018,0.03162
185,35105,0.697725102020582,0.03608715346857931,1.141789535204971,-0.4156906491064939,0.9956459213685058,18,18,3162,knn,0.0008191532506850517,0.06490597996244216,0.00018,0.03162
186,35255,0.3858516792025841,0.206221247222165,1.571321340538027,1.2857373766567834,0.9828271772156563,18,18,3162,knn,0.0015882758589928466,0.04723972642349731,0.00018,0.03162
187,35754,-0.21127855073061072,0.2931024453646073,1.0928854444419467,-1.0423672246282787,0.9944038424609825,18,18,3162,knn,0.0011942090191161478,0.1019433887615039,0.00018,0.03162
188,35755,1.2306083689662493,-0.06338356521918322,1.0620113545305958,-0.5402850119092175,0.9949085950055484,18,18,3162,knn,0.00048292916871838995,0.054053807332954416,0.00018,0.03162
189,35820,0.7159917701986627,0.086513384008056,1.1894577499151884,-0.589115027442326,0.9924150696709229,18,18,3162,knn,0.001105274207791274,0.0708560114219633,0.00018,0.03162
190,36013,1.2225942957499678,0.03394511381398313,0.9614982360423941,-0.6514383591755852,0.9816450972420573,18,18,3162,knn,0.0002745613161093277,0.04781124727404521,0.00018,0.03162
191,36068,0.7371571270824976,0.07557768404502878,0.8990572858655401,-1.5938362008539488,0.9867577631622675,18,18,3162,knn,0.00041017940350938974,0.07617349966645265,0.00018,0.03162
192,36147,-0.16890245051809333,-0.3131331863196289,1.0188172050572446,-1.6960865640979932,0.9986696090252825,18,18,3162,knn,0.001194577639883565,0.16617965950186844,0.00018,0.03162
193,36152,1.162232073846102,-0.0950456976834191,1.1616875069129422,-0.38661531293399615,0.9951649391786439,18,18,3162,knn,0.0007807497608252489,0.06698353354144493,0.00018,0.03162
194,36210,0.46924262204638406,-0.11225957647536033,1.1790368233182396,-1.1921455726613859,0.9964520779051322,18,18,3162,knn,0.001571394814944318,0.12772962110874192,0.00018,0.03162
195,36214,0.7866770205161255,0.1632416370977954,1.286335657391521,0.05614465018736425,0.9940386890755762,18,18,3162,knn,0.0015006717083681945,0.07481778673715915,0.00018,0.03162
196,36247,-0.545470802561012,0.3246919320897134,1.0561911647144107,-0.49422239876744095,0.9911581905213168,18,18,3162,knn,0.0005293139995180334,0.07244836191676177,0.00018,0.03162
197,37251,0.2316180436907988,-0.17746699759987125,1.0834362979573464,-1.7388669794494531,0.970334660996888,18,18,3162,knn,0.001390005919148761,0.13354593419598898,0.00018,0.03162
198,37279,0.9932800187405915,0.11279158553363863,1.4184094295011171,1.0424044665729593,0.9904169246568051,18,18,3162,knn,0.0009279709220838714,0.04869263530646133,0.00018,0.03162
199,37551,1.2302637898409223,0.03969149498645868,1.2408424721606466,0.20592346501153858,0.9904310313475069,18,18,3162,knn,0.0006931954450730699,0.04962459263636338,0.00018,0.03162
200,37666,-0.4823167054484434,0.29354793018391634,1.2079631432147104,-0.6343009409586293,0.9595310671011973,18,18,3162,knn,0.0009896058589453503,0.06743286126764667,0.00018,0.03162
201,37710,0.14411019534333394,0.25417631479605385,1.2202199128030427,-0.5457442792710933,0.9899469282070051,18,18,3162,knn,0.0013008941428311882,0.08774739394107772,0.00018,0.03162
202,37976,0.912691560610293,-0.1626220417374657,0.7385065345190552,-1.8621455996484664,0.9924082546862039,18,18,3162,knn,8.489835024325217e-05,0.09666319667718772,0.00018,0.03162
203,38045,0.3001192426055341,0.23562031425654584,1.3337156490074265,0.25282096423162387,0.9779920556704795,18,18,3162,knn,0.0010694359021281455,0.05176815752990513,0.00018,0.03162
204,38088,0.39108835886882637,-0.2481425906824245,1.1637155100822651,-1.3675926424885294,0.9928275449674548,18,18,3162,knn,0.0023947055498950874,0.12368468441953612,0.00018,0.03162
205,38314,0.31867422516608107,0.21218206489189986,1.3092040444451998,0.9582670460927324,0.9859237693359774,18,18,3162,knn,0.0006223150987734285,0.03961072773909344,0.00018,0.03162
206,38673,0.7971265277336703,-0.18533963656253793,1.1594023395318618,-1.2293886772691909,0.9947926461171341,18,18,3162,knn,0.0019505625727272576,0.1453475340095913,0.00018,0.03162
207,38830,-1.2836828955953294,0.38155999469829127,0.7178455832977482,-1.5432079589152792,0.9633510676763573,18,18,3162,knn,0.00011062938949077878,0.1226608680826058,0.00018,0.03162
208,38855,-0.38159140490529203,0.3095238219163609,1.2301237193086005,-0.3941468876429435,0.9965490344395761,18,18,3162,knn,0.001181718849755363,0.07651888896533897,0.00018,0.03162
209,39046,0.6717170081957369,0.1679104464043451,1.6175488806407758,1.060601232977415,0.990567739024853,18,18,3162,knn,0.0021249632760685522,0.062272339841055735,0.00018,0.03162
210,39080,1.0213787475765366,0.10966865408819686,1.4957857416913494,1.5276082500579569,0.9839932910324304,18,18,3162,knn,0.001298777460389064,0.04519420544582682,0.00018,0.03162
211,39277,1.1242539707062158,-0.0979546205387153,1.0916419986894061,-0.5038844392527301,0.9940641947092157,18,18,3162,knn,0.0005579058009523807,0.07133507678804203,0.00018,0.03162
212,39493,-0.8198199568503604,-0.37613016101331376,1.0550692365882983,-1.6946401679010776,0.99367795725015,18,18,3162,knn,0.0012623368959265278,0.2589655382766068,0.00018,0.03162
213,39673,0.3337317366687097,0.22942990985046183,1.5444798787970622,1.1258062273546532,0.9685255080824835,18,18,3162,knn,0.0018696346212778833,0.0386583992945261,0.00018,0.03162
214,39708,-0.3518983803215451,0.3059930327239872,1.1486324931605292,-0.6632881780632918,0.992154540274406,18,18,3162,knn,0.0010334846386824996,0.07824720092130825,0.00018,0.03162
215,39777,1.0331105025347214,-0.13450259089527322,1.2312376402921097,-0.22217524606863498,0.9949076139644474,18,18,3162,knn,0.0011958475685575928,0.08246256169177613,0.00018,0.03162
216,40069,-0.035666770566448736,-0.2984109216315147,1.076186973502295,-1.6962518001545157,0.9953697474586689,18,18,3162,knn,0.0019502040826262646,0.17196597115487772,0.00018,0.03162
217,40379,-0.485579073382771,-0.2663816580283326,1.1839561112785129,-1.475469941759857,0.9820160997775702,18,18,3162,knn,0.0020393859256398156,0.14014690625642565,0.00018,0.03162
218,40910,0.6360713335723318,0.0809301250655608,1.1293020730920318,-0.8462946747683519,0.9819576403684761,18,18,3162,knn,0.0010635588675440453,0.06931903553542089,0.00018,0.03162
219,41018,0.7277790750157858,0.08064723367098559,1.2640013389276759,-0.3372721784385467,0.9932123713950382,18,18,3162,knn,0.0013727488156150083,0.07328128694572311,0.00018,0.03162
220,41065,1.0997224194985884,0.09246279365595611,1.5353593949446855,1.3888664256710614,0.9948049169027365,18,18,3162,knn,0.0012573675481407011,0.04542493942617837,0.00018,0.03162
221,41230,-0.7551687159338666,0.32405213785707476,1.125346503959331,-1.0563468303610124,0.9898872786347827,18,18,3162,knn,0.0010473662856328486,0.10970277240840089,0.00018,0.03162
222,41285,0.43568479661263115,0.17149428505839445,1.813860070879077,1.6074509816102607,0.983587495735873,18,18,3162,knn,0.002992983333754609,0.052364535973249686,0.00018,0.03162
223,41484,0.43345470907527095,0.20102479420865563,1.4476340590264896,0.7955191423109162,0.9777989363690853,18,18,3162,knn,0.0009885688920895535,0.05066250396453606,0.00018,0.03162
224,41510,0.536598796132886,-0.09331684711469088,1.136188822357916,-1.2961977059946468,0.9964850009574077,18,18,3162,knn,0.001573331684867909,0.13288705072205018,0.00018,0.03162
225,41692,0.16893230123433312,-0.2745190814573988,1.0484961706116316,-1.727442505344409,0.995166778201698,18,18,3162,knn,0.001677677507587908,0.1558878644684068,0.00018,0.03162
226,41969,0.39868691709386683,0.18595787207995032,0.9517037705864785,-1.165297577053498,0.9644637586841627,18,18,3162,knn,0.00029731814686858004,0.04717000784909814,0.00018,0.03162
227,42034,-0.6787347304660765,0.31555545366082327,1.195523221986916,-0.9200879671766069,0.9908737528203899,18,18,3162,knn,0.001433423363776171,0.11446958609206806,0.00018,0.03162
228,42191,0.7957522929514753,0.15988911134198638,1.256004670400443,-0.038262654412748336,0.994953705235216,18,18,3162,knn,0.0011780992699266426,0.07473820735145045,0.00018,0.03162
229,42220,0.30520878483887043,-0.25730784671939094,1.112922932138848,-1.358309208381054,0.9903975916745139,18,18,3162,knn,0.0019634554544968345,0.1267741279352179,0.00018,0.03162
230,42271,-0.9116721960944199,-0.3838762288674453,0.7602836195133265,-2.2279379175127807,0.9718811589613777,18,18,3162,knn,0.0002775420633453709,0.34820588050360407,0.00018,0.03162
231,42475,1.0973488189794685,-0.10765115246212746,1.1996583134634764,-0.21980888306411409,0.9905594982931913,18,18,3162,knn,0.0008310452299249265,0.07267220243601506,0.00018,0.03162
232,42942,0.8546402875288193,0.13586831723584378,1.696919530675762,1.428561128667125,0.9875346138872719,18,18,3162,knn,0.002554263266149682,0.06949931515989026,0.00018,0.03162
233,42948,0.566749908314835,0.14437882721531176,1.451228571330307,0.20985038349172525,0.9832447042327448,18,18,3162,knn,0.0020902183788241197,0.059081962861213845,0.00018,0.03162
234,42974,1.0742314526748804,-0.11545437564091066,1.33383284385093,0.16376686740570545,0.9887314566113856,18,18,3162,knn,0.0012672151391409185,0.07498393701409149,0.00018,0.03162
235,43291,0.2857210147308725,0.2370666950773938,1.3468515105754535,0.1315656593052724,0.987591718108717,18,18,3162,knn,0.0013808632984699239,0.05729659002793741,0.00018,0.03162
236,43536,0.48398516155719606,0.20906292555440506,1.4775393930455296,0.7870199808659945,0.9964523986509677,18,18,3162,knn,0.001930870773459636,0.05734752860946579,0.00018,0.03162
237,44145,-0.3643618346309132,-0.2518333574046275,1.2139857343735025,-1.6117518425101922,0.9762465210059368,18,18,3162,knn,0.002684510980503522,0.15011281804657817,0.00018,0.03162
238,44716,0.19555306837725672,-0.2712461453109479,1.0990026241094737,-1.565928219416462,0.9948893654462219,18,18,3162,knn,0.001958564224720042,0.14916396503086793,0.00018,0.03162
239,45097,0.8985292466952908,0.1420988536411211,1.382355484564355,0.6197305139282406,0.9934895123988098,18,18,3162,knn,0.0015460595845296007,0.06236870826210826,0.00018,0.03162
240,45189,0.3585817529649108,0.22694732864213885,1.3907147943487508,0.47433628942503636,0.983803802447352,18,18,3162,knn,0.001211454869380088,0.046777524814403844,0.00018,0.03162
241,45322,0.06713899557893371,-0.28681808225031774,1.086353943483205,-1.6924283220864254,0.997672328007217,18,18,3162,knn,0.0016940043275863543,0.1788110369330737,0.00018,0.03162
242,45349,0.38256718768320386,0.2065701614396385,1.4855151290659883,0.94994467171685,0.9743899658706673,18,18,3162,knn,0.0012326166946082069,0.04705278088422999,0.00018,0.03162
243,45383,1.2323860746270192,0.039089658439000016,1.2620035088934767,0.27882985028869306,0.994688981566288,18,18,3162,knn,0.0008158186150561239,0.04957387339496947,0.00018,0.03162
244,45795,-0.3745618834144437,0.3075511917292211,1.146210598794472,-0.6351556410593503,0.9894326533821618,18,18,3162,knn,0.0011927838939932989,0.07683251568376982,0.00018,0.03162
245,45908,1.2230951795238045,0.033300135855091485,0.9075492566711462,-0.8976955548955357,0.9826983898413242,18,18,3162,knn,0.0002716153407642602,0.047622417951982306,0.00018,0.03162
246,46004,-0.4098445429187191,0.31222029234210963,1.1156023802123478,-0.7767143316610887,0.9940098431707146,18,18,3162,knn,0.0008788119034769942,0.07768021061584957,0.00018,0.03162
247,46167,-0.06994142313575016,0.27842413944888317,1.0598140594886774,-1.1711830804294234,0.9985270592185125,18,18,3162,knn,0.0009618647940039617,0.11094493821597606,0.00018,0.03162
248,46322,-0.2860314315105559,0.2682624231474346,1.3778821973279722,-0.27128539176299293,0.9862763660628513,18,18,3162,knn,0.0018376308751408969,0.08907174300940846,0.00018,0.03162
249,46345,1.0565252829447058,0.08815867891648496,1.923596793781126,2.9736704289468308,0.9211460272982943,18,18,3162,knn,0.0015381150405083127,0.035509307054182405,0.00018,0.03162
250,47192,-0.3252408998538248,-0.32989908557553443,1.15585395345405,-1.4150363171238018,0.9971252424466703,18,18,3162,knn,0.0020346267578172667,0.14267609301413758,0.00018,0.03162
251,47501,0.9702912578285622,-0.1501346547878442,1.1169353851094517,-0.6012155636425277,0.9951536945613697,18,18,3162,knn,0.0006444629161435557,0.07849260408602836,0.00018,0.03162
252,47726,-0.36168176959257414,0.30711618532808344,1.1782069349939652,-0.542379065749065,0.9954265353217736,18,18,3162,knn,0.001025749046265578,0.07706642078995701,0.00018,0.03162
253,47771,-0.4349163393400071,0.2870924042104963,1.2001777031048382,-0.6444873030603784,0.9824940366217476,18,18,3162,knn,0.000977214580575383,0.07780171944018831,0.00018,0.03162
254,47861,1.221680320612673,0.033069676905373456,0.948872093896266,-0.6981163937811399,0.9823820163038983,18,18,3162,knn,0.0002894224411107439,0.04771447498254153,0.00018,0.03162
255,48161,0.6246750409551096,0.08530931681711858,1.167802393138187,-0.6833618493627129,0.991326290535039,18,18,3162,knn,0.001142350876165836,0.0721877013133158,0.00018,0.03162
256,48402,0.08414733725605458,0.2597319130559001,1.194820826933117,-0.7813450349942712,0.99389989843627,18,18,3162,knn,0.0015362298130664727,0.09712769500234204,0.00018,0.03162
257,48499,-1.2276702785940687,0.3739391114993635,1.2940660751874098,0.14450016747991645,0.9950899402458748,18,18,3162,knn,0.0010988336370727318,0.06634999687670828,0.00018,0.03162
258,49049,0.6581227278180891,0.06842838088133117,1.1677759817616968,-0.6317977675129421,0.9865254913329939,18,18,3162,knn,0.0012178346111195299,0.06509745998413567,0.00018,0.03162
259,49054,-1.253687392759234,0.3808404864077753,1.240853477523539,0.24169665996115441,0.9750686890087052,18,18,3162,knn,0.0007878594607040649,0.09283685085753132,0.00018,0.03162
260,49122,0.4341060429370457,-0.13933222099856724,1.5056925748398517,-0.24804778849438702,0.9853779516130574,18,18,3162,knn,0.0035361322827949762,0.11506679063368362,0.00018,0.03162
261,49838,0.4053910480969378,0.20426846133742546,1.3898676557786198,0.4843537757073206,0.9659904767858762,18,18,3162,knn,0.0009858006025025138,0.04738988223037103,0.00018,0.03162
262,50131,0.39376402697655427,0.15542008768604582,1.4753581601442203,0.05165417938776853,0.9659364237358937,18,18,3162,knn,0.0023163496473476578,0.06667942082800525,0.00018,0.03162
263,50182,-1.0119056246596554,0.35284209763175267,1.373934934405227,0.18507187759352933,0.9887985565961215,18,18,3162,knn,0.0017533404476505411,0.08303885505864468,0.00018,0.03162
264,50183,-0.08069209287323365,-0.3035716873978966,1.0929033824888408,-1.597440830265439,0.9967121477815598,18,18,3162,knn,0.0019440321973876865,0.16858876213153828,0.00018,0.03162
265,50364,1.077918329190267,0.0990460545910964,1.7611592801178257,2.9918551071564177,0.9389354273559378,18,18,3162,knn,0.0013060005873853982,0.03824717074792733,0.00018,0.03162
266,50562,0.9850987334467107,0.11896361424146594,1.5344119029368177,1.5627385020456652,0.9731835863008329,18,18,3162,knn,0.001554863184352466,0.050071894733215744,0.00018,0.03162
267,50640,-0.6471968835783193,0.3128266833254241,1.282585464436877,-0.5770606658414852,0.9962271489035047,18,18,3162,knn,0.0019089119042088288,0.10625300614539256,0.00018,0.03162
268,50753,0.479385465946195,0.20153484093343302,1.6039895208367183,1.3427905049215694,0.9932467135696494,18,18,3162,knn,0.0021058230521182474,0.05504309910063886,0.00018,0.03162
269,51181,0.33495152874141493,-0.1435936528543837,1.4257069077316133,-0.3129480868513254,0.9838971383747545,18,18,3162,knn,0.0032622399447096405,0.12105470220745945,0.00018,0.03162
270,51336,0.9123998146269214,0.13923289578683018,1.3265604213460256,0.44757970719656887,0.9951215402068603,18,18,3162,knn,0.0009131010604269484,0.059429169564347684,0.00018,0.03162
271,51415,1.2487779858263384,-0.050506041941115,1.1325849625876596,-0.13259920397876246,0.9969343038707204,18,18,3162,knn,0.000639782548115893,0.04763369257616031,0.00018,0.03162
272,51829,1.2204612106152204,-0.0690250249398404,1.1186720784082589,-0.37128646061518217,0.9969471861713853,18,18,3162,knn,0.0006210917334164367,0.05778834088883046,0.00018,0.03162
273,52338,-0.5786203600604558,-0.35381883578573314,1.1087796889968382,-1.7836345440852381,0.9860445435901041,18,18,3162,knn,0.0019917745558435396,0.16833451362170984,0.00018,0.03162
274,52617,0.35555987418866963,0.2284705483849021,1.4410730089591177,0.6357117090112514,0.9851120079642084,18,18,3162,knn,0.0015787652549276233,0.04652168030318425,0.00018,0.03162
275,53309,1.1914742684590824,-0.08273232771920133,1.1369440235053123,-0.45308251449258674,0.9954472802408678,18,18,3162,knn,0.0007201129578972323,0.06514247315959133,0.00018,0.03162
276,53335,0.3872826328516535,0.18867584797854473,1.2272826049309549,-0.029880866954090774,0.9898452402820614,18,18,3162,knn,0.0008132341200827327,0.0466683368188739,0.00018,0.03162
277,53526,-0.23481667267261508,-0.3207747307381322,1.092492243323269,-1.6061484905089063,0.9956570388997751,18,18,3162,knn,0.0015557713713503782,0.16129266749375382,0.00018,0.03162
278,53565,-0.038762309209683876,0.27341056073779646,1.1535998524734248,-0.9717880744965757,0.9962287883170236,18,18,3162,knn,0.001551589296131484,0.11298885494749893,0.00018,0.03162
279,54356,0.3583588441939787,0.2091430931126547,1.2698667454842705,0.17636540499743,0.9581973882427942,18,18,3162,knn,0.0006202265655329442,0.0431921856383612,0.00018,0.03162
280,54776,-0.49995016748341625,0.32033813660294297,1.0894156325871245,-0.5748471245398433,0.9967693733613955,18,18,3162,knn,0.0005225341501941144,0.06494641243309839,0.00018,0.03162
281,54902,-0.5838017162271967,-0.27759603523469834,0.77316344681681,-2.4487351904300616,0.9875712326571938,18,18,3162,knn,0.00037584196299727076,0.17582399126167944,0.00018,0.03162
282,54923,1.1054379198442026,0.08047470008575529,2.2511545372075488,3.856443797771621,0.9531334448890152,18,18,3162,knn,0.004492299848125961,0.04825421260550199,0.00018,0.03162
283,55063,-0.3498888107486779,-0.25008568119914254,1.1375650424064863,-1.8469893176198615,0.9696436054894172,18,18,3162,knn,0.0020839141018355496,0.15374510098809543,0.00018,0.03162
284,55194,-1.0010368085600525,0.3625973733498007,1.2114374258135516,-0.38386444517725027,0.9960502998765647,18,18,3162,knn,0.0011066205154952734,0.08346141967599324,0.00018,0.03162
285,55244,0.6078399389192481,0.13243364248159495,1.2526640370387243,-0.4442196412513346,0.9818040237466296,18,18,3162,knn,0.0013502731139499707,0.06050143948319522,0.00018,0.03162
286,55431,-1.002969221702677,0.36117591946002164,1.3175783936242302,0.03234746359679296,0.9935814525141105,18,18,3162,knn,0.0015893582010177822,0.08306692280267888,0.00018,0.03162
287,55515,0.31923583113630527,0.22064126317911162,1.5996507806230493,1.7739344948368183,0.9498790107757624,18,18,3162,knn,0.0011027602363882143,0.04029352436649775,0.00018,0.03162
288,56658,0.44404219131669015,0.1997717123127168,1.4598610295358774,0.8615045923001475,0.9798740920241562,18,18,3162,knn,0.0011645371985526687,0.05170056698157799,0.00018,0.03162
289,57499,-0.14413778711968828,0.2853338462030044,1.0769706808217898,-1.099926120331275,0.9950372212140625,18,18,3162,knn,0.001185797052165235,0.10597492694299696,0.00018,0.03162
290,57545,-0.2416604577380732,0.29615357480160753,1.1446052779279845,-0.8357178779336837,0.997082369712198,18,18,3162,knn,0.0012593111063772292,0.09537192518756706,0.00018,0.03162
291,57625,1.1573294888356571,-0.0844858425112215,1.3075519468332506,-0.005650315844388908,0.9654455479003063,18,18,3162,knn,0.0009530550192727476,0.06661998147568089,0.00018,0.03162
292,57748,0.7180308786987094,-0.057876140327518366,1.2511419589045327,-1.1137799793661425,0.9418220605421821,18,18,3162,knn,0.0019045750090826428,0.09596410865669547,0.00018,0.03162
293,57815,0.4347176755247176,0.20658263873486737,1.4475868752047318,0.9169790861725382,0.9927458125748199,18,18,3162,knn,0.0012789739021780069,0.05141169343068584,0.00018,0.03162
294,58040,-0.880734324836437,0.35365338844923,1.2526997411989247,-0.48173123249936217,0.9860244932948831,18,18,3162,knn,0.0012702132214374136,0.09476735642355989,0.00018,0.03162
295,58152,0.7248511117008982,-0.19428885432016849,1.1883096743255768,-1.290175752106994,0.9899508065020115,18,18,3162,knn,0.002922809336334428,0.16017037275258428,0.00018,0.03162
296,58310,0.19954414794797432,0.2193933109787381,1.7976573331688994,1.0419631830792198,0.9648214265998258,18,18,3162,knn,0.003675654913310744,0.08560432270084863,0.00018,0.03162
297,58367,0.688791869801636,-0.0217060916261051,1.0272205000484211,-0.9351138837234171,0.9961394059903526,18,18,3162,knn,0.0006744058600960523,0.0754721004780445,0.00018,0.03162
298,58410,1.2290852055251749,-0.06378587529143614,1.059839243234915,-0.5414755432979065,0.9944899584707962,18,18,3162,knn,0.0005343168859647866,0.05443475677875692,0.00018,0.03162
299,58411,-1.1786964947086418,0.36872556165755244,1.1939594062781689,-0.4974326310347302,0.9921204272513802,18,18,3162,knn,0.0008396306795662291,0.07664505390197406,0.00018,0.03162
300,58482,0.6407586516523798,0.12200702101963577,1.2395492475255603,-0.4102249229394655,0.9887678012553393,18,18,3162,knn,0.0010379376635692417,0.06260110796461389,0.00018,0.03162
301,58499,0.5275664791131508,0.20497528913052868,1.384766659926998,0.3612895054231506,0.9939118819349329,18,18,3162,knn,0.0018689333099877864,0.06261414034295565,0.00018,0.03162
302,58591,-1.061111319956112,0.36777006497299625,1.0407884560691236,-0.692892966634445,0.9825092272223528,18,18,3162,knn,0.000877143608214208,0.07430496784135877,0.00018,0.03162
303,58662,-0.8965177670311562,-0.38252491612708117,0.8776040102691786,-1.9153907800890555,0.9690017698414538,18,18,3162,knn,0.0007486268202693426,0.3333636181327854,0.00018,0.03162
304,58736,-0.8806566714649969,0.35180865418893575,1.3699223454268288,-0.024728573377345544,0.9919864140277559,18,18,3162,knn,0.002059688143460008,0.09468743171937258,0.00018,0.03162
305,58763,-0.6998524718983055,0.3179065976343798,1.2423187678238223,-0.7404826210437351,0.9959019580806017,18,18,3162,knn,0.0017754784747645866,0.11503585039469033,0.00018,0.03162
306,59449,1.2670220968737016,-0.028085434291803626,1.2756149356180408,0.6885312661427458,0.9751083955151079,18,18,3162,knn,0.0010487298423878977,0.0452165804861334,0.00018,0.03162
307,59720,0.6651274548890622,0.11365008420801771,1.182980203636789,-0.4874740516326278,0.9925844332215048,18,18,3162,knn,0.0009047294928573729,0.06364847522966097,0.00018,0.03162
308,60115,-0.40918436647332385,-0.257328373968573,1.1379075242421341,-1.7748116691758704,0.9650331900579008,18,18,3162,knn,0.0021294725634821506,0.14357279782361526,0.00018,0.03162
309,60153,1.2230255350299566,0.008460491650768539,1.1467981176195863,-0.49089833573681185,0.9684484072224839,18,18,3162,knn,0.0006861830579439848,0.04621456248409287,0.00018,0.03162
310,60180,-1.21135506610458,0.37215748038872154,1.1515327525297774,-0.5703870348185321,0.9900551911258252,18,18,3162,knn,0.0007756000596067051,0.06933121118461139,0.00018,0.03162
311,60552,1.076575954296494,0.09226250156005812,1.1435286274946075,0.7816576837930054,0.9776818506020988,18,18,3162,knn,0.00033220990036715743,0.037843201253805386,0.00018,0.03162
312,60634,-1.16874666230232,0.3677204965872256,1.3829220739094197,0.19394431021818412,0.9925090243802858,18,18,3162,knn,0.0013851582236075717,0.078007290140128,0.00018,0.03162
313,60865,-0.8413917563127615,-0.377682711807824,0.9747872021837558,-1.8398469378855709,0.993844359957048,18,18,3162,knn,0.0010032838211430624,0.279619276601311,0.00018,0.03162
314,61908,-0.19718541022644692,-0.23037745215405636,1.0785035018111244,-2.1793950540846185,0.9424002615656321,18,18,3162,knn,0.001743427591051274,0.172005207128455,0.00018,0.03162
315,62448,1.0749959622842729,0.09263027861232906,1.257801206785739,1.2619447856576866,0.9729122895650247,18,18,3162,knn,0.0004865660336411654,0.037167545019228226,0.00018,0.03162
316,62904,0.5914988548954875,0.13732429239354527,1.4660193751224728,0.24466745237663137,0.98360821056178,18,18,3162,knn,0.00203673284700068,0.059580029429834515,0.00018,0.03162
317,63277,0.22800538909629403,0.2434639910746106,1.2354145502878209,-0.5497388021790052,0.9977412918993914,18,18,3162,knn,0.0014300637393438345,0.0832556580916163,0.00018,0.03162
318,63479,0.06140718418503921,-0.2887262620475271,1.0443029908685382,-1.8031756433946269,0.9954453398847084,18,18,3162,knn,0.001771605190488711,0.17896993384212814,0.00018,0.03162
319,63588,0.6795184929902459,-0.0733862108182958,1.4125936456435861,-0.6081949949600024,0.931285923384097,18,18,3162,knn,0.0027689102827133014,0.10027217819728883,0.00018,0.03162
320,63705,0.6927093123167831,0.04379405079580854,1.1053133744251367,-0.6021304842815434,0.9969138358531251,18,18,3162,knn,0.0006971634780059747,0.061795083408992625,0.00018,0.03162
321,63926,0.466342896104109,-0.11293557018124856,1.159151120377247,-1.2493755325690248,0.995386242033824,18,18,3162,knn,0.0017009421324521692,0.12722387742874794,0.00018,0.03162
322,64540,-0.38747795834446785,0.2819114318055626,1.2639833085388468,-0.43211709525203185,0.9838815432400647,18,18,3162,knn,0.0012482688935127055,0.07707948538483593,0.00018,0.03162
323,64911,1.2478793123826852,0.02822988645318592,1.13623679416481,-0.2617694603766298,0.9931129800259876,18,18,3162,knn,0.0007128672143452832,0.04738186870907555,0.00018,0.03162
324,65065,0.324196186126895,-0.16106147865577686,1.1478092126592487,-1.2506471018347702,0.9855303195135864,18,18,3162,knn,0.0013883036975660872,0.11303041908674691,0.00018,0.03162
325,65204,-1.060142658595913,0.36680451697406863,0.9559512783299206,-0.9792051592361805,0.9956008824368786,18,18,3162,knn,0.0003714693533371932,0.07465476359727453,0.00018,0.03162
326,65423,1.1403362438358329,-0.1031137489170207,1.351121428050979,0.37097295991896845,0.992816770549684,18,18,3162,knn,0.0012793920857355296,0.07022354537320014,0.00018,0.03162
327,65636,1.2229718540294021,0.008529187349429564,1.1336324724464777,-0.5474570357108746,0.9660378938601608,18,18,3162,knn,0.0006229717651428909,0.046193616807096785,0.00018,0.03162
328,65915,0.5414951736073297,0.1930290861874177,1.3962447009680783,0.44607746439159973,0.9827270345650875,18,18,3162,knn,0.001193989765265262,0.05995234289095667,0.00018,0.03162
329,65991,-0.1413939182645938,-0.31000562192567244,1.1050288065463245,-1.5441237674159842,0.9989298125831992,18,18,3162,knn,0.001634003872267747,0.16630879963985784,0.00018,0.03162
330,66239,-0.8303813980703781,0.3321904131291876,1.2333982254624454,-0.5112730542913568,0.9966799727717287,18,18,3162,knn,0.0014345709617361521,0.09944250390268576,0.00018,0.03162
331,66331,0.78754162401504,0.04800176343313857,1.1245645878035035,-1.3495388777625403,0.9875178696170431,18,18,3162,knn,0.0014635675868717995,0.1010113144593989,0.00018,0.03162
332,66470,-0.1835218848800767,-0.3156476751371651,1.003140447524511,-1.6802990902904156,0.9967879904711795,18,18,3162,knn,0.001197272810430012,0.1650093804259734,0.00018,0.03162
333,66520,0.85959890249563,0.14786767154167835,1.2763604904491896,0.12539836056192344,0.996648213410504,18,18,3162,knn,0.0012429291382347995,0.06833577669030713,0.00018,0.03162
334,66990,0.42926033376340683,0.14767816973660222,1.2054125883367834,-0.8815881101289221,0.9564948721229694,18,18,3162,knn,0.0011610641574784665,0.06895387273217743,0.00018,0.03162
335,67029,1.0333593648506167,-0.13484544331227485,1.2171767934290798,-0.27993214444905284,0.9960671688050954,18,18,3162,knn,0.001098567148808594,0.08242576487872909,0.00018,0.03162
336,67117,-0.4736201084044205,0.31793561644597107,1.0898280691166775,-0.7222390121930263,0.994097028527976,18,18,3162,knn,0.0006529300362248259,0.06774550657911109,0.00018,0.03162
337,67900,0.19519718711872,0.24813981530128001,1.220566951994498,-0.5575323377410165,0.9970456088940529,18,18,3162,knn,0.0014795757119576757,0.08443336138903085,0.00018,0.03162
338,67955,-0.26533169896061237,-0.3230492844822826,1.0892311614166172,-1.655980174648379,0.9943479828026637,18,18,3162,knn,0.0015583559771200181,0.1561720408866681,0.00018,0.03162
339,67970,0.3617390932458575,0.20865106135375303,1.2930087329484317,0.2860383896966541,0.9712066792937732,18,18,3162,knn,0.0008172336375167278,0.0439863019244541,0.00018,0.03162
340,68045,1.07437862341455,0.09416339172764811,1.2768276890884898,1.3268859489726377,0.9731287481936776,18,18,3162,knn,0.0004918735370167951,0.03716349554252112,0.00018,0.03162
341,68918,0.9848833030107027,0.11319468488295706,1.5007671198393389,1.3537889716515776,0.9877919020258291,18,18,3162,knn,0.0016405276395764278,0.049998093806474284,0.00018,0.03162
342,69063,0.7888980201436183,0.1531510107563939,1.5440702469790188,0.9419219404572101,0.9728569703996063,18,18,3162,knn,0.0018647565067151865,0.07488156435142997,0.00018,0.03162
343,69253,0.11578285359525148,0.25681756045988485,1.1961321780366463,-0.5912267041821169,0.9908032037243542,18,18,3162,knn,0.0011696078729791733,0.09236815429498513,0.00018,0.03162
344,70245,-0.6009272532392369,-0.3565735104175342,1.1318891254583312,-1.7704516987518735,0.9900105880441016,18,18,3162,knn,0.0021628174378874507,0.17520693234121026,0.00018,0.03162
345,70248,0.16072428621902884,0.23793341918590866,1.7422404056549259,1.2026369889189479,0.9772669848338577,18,18,3162,knn,0.002951594901806601,0.08259308232269622,0.00018,0.03162
346,70348,0.6176775773698602,0.08837955020568228,1.0773020803346454,-0.9792364659881208,0.9869145306518057,18,18,3162,knn,0.00103087175608243,0.07533101571787376,0.00018,0.03162
347,70548,0.6276642124751927,0.17468406911879825,1.4823639560803048,0.6082550326553704,0.9875404483269683,18,18,3162,knn,0.0015585719567597657,0.061198593320000556,0.00018,0.03162
348,71010,0.9002646803239827,0.1414534688206419,1.3953240101167463,0.6843127694479486,0.9906168542127678,18,18,3162,knn,0.0016750091912278325,0.06189282826771676,0.00018,0.03162
349,71239,1.27251445477973,-0.006183766149653866,1.0890292408412854,-0.11822581060706508,0.9975702247244627,18,18,3162,knn,0.00044674531037871526,0.048362025407685756,0.00018,0.03162
350,71261,-1.0896890480888608,0.3614909981051136,1.3971103158171552,0.5202972674469445,0.9878497073568635,18,18,3162,knn,0.002062812350306334,0.06706904896431592,0.00018,0.03162
351,71378,1.1694979289888843,0.06927384823115673,1.309115452885125,0.19718219593909678,0.9986567888237079,18,18,3162,knn,0.001132982570833679,0.06196078460410974,0.00018,0.03162
352,71396,0.740572592428545,0.17153069302393786,1.2914768999072817,0.050908638354580066,0.9943671541201737,18,18,3162,knn,0.001410438145475446,0.07775643417819135,0.00018,0.03162
353,71634,0.703569105608677,0.0290005834249525,1.1000129288387275,-0.5486808569232335,0.9959182439188877,18,18,3162,knn,0.0007479977796978625,0.06803367478873469,0.00018,0.03162
354,71677,1.228681651992841,-0.03153909164734291,1.312885029276485,0.18478304566687648,0.9815948878570775,18,18,3162,knn,0.001131735874293786,0.04537100561747058,0.00018,0.03162
355,71796,0.5213777897209536,-0.23000581423176403,1.1644856393945051,-1.3868301111992474,0.9906796062042184,18,18,3162,knn,0.0027474613126393876,0.13948277398322564,0.00018,0.03162
356,71914,-0.18884297149193396,0.2904105858109774,1.0777062793607346,-1.1211140392106698,0.9959992370784269,18,18,3162,knn,0.0010243251439438356,0.10656295069912831,0.00018,0.03162
357,72025,0.669373261671035,0.061522479697922294,1.092889985555777,-0.8065168090168375,0.9906030309120764,18,18,3162,knn,0.0008458826502795239,0.0629206119765709,0.00018,0.03162
358,72055,0.7958156266337674,-0.1855807722669841,1.1877558911845958,-1.1466323311707833,0.9892590362071344,18,18,3162,knn,0.0021609602083853124,0.14597700115156514,0.00018,0.03162
359,72481,-0.7108652329159201,0.339570924188367,1.1695377797351088,-1.0080450172184459,0.988811155508181,18,18,3162,knn,0.0013482340143884176,0.11538034794539559,0.00018,0.03162
360,72695,-0.6340969976960974,0.3104951481791545,1.1031770213502303,-1.1466701239362953,0.9858782071550636,18,18,3162,knn,0.0011863453188352914,0.09973562348980088,0.00018,0.03162
361,72700,-0.28602647080470084,-0.32598156449904975,1.053122744820031,-1.7400526368820746,0.993489376330621,18,18,3162,knn,0.0013587790862231877,0.15326358887295616,0.00018,0.03162
362,72930,-0.4131418054325287,-0.33818658343007973,1.0658544973181008,-1.4265382074976678,0.9989012890804065,18,18,3162,knn,0.0012744279878772573,0.1428825769906841,0.00018,0.03162
363,73251,-1.0462605403588627,0.35492451958367166,1.432361513127167,0.5018834079971037,0.9821182249949556,18,18,3162,knn,0.0017266722918530936,0.07866238067189345,0.00018,0.03162
364,73437,0.10971092470894503,0.21092386173145686,1.4853640523719138,-0.15199938347375172,0.9659200453349417,18,18,3162,knn,0.002801550270375554,0.09661089603046341,0.00018,0.03162
365,73445,0.9664188453007178,-0.15089422275718206,1.132631778626849,-0.5044304818728169,0.9978962164676756,18,18,3162,knn,0.0008515343456860495,0.07955808030756296,0.00018,0.03162
366,73499,0.23720786044530062,-0.2660422897360147,1.1484435081928481,-1.416511263726719,0.9939659264656734,18,18,3162,knn,0.002140063421353982,0.1397014477744615,0.00018,0.03162
367,73512,-0.00898160499656725,-0.29680246666000054,1.103138039327008,-1.6937703481100306,0.9978862603414285,18,18,3162,knn,0.001688137063277714,0.17749243566027467,0.00018,0.03162
368,74016,0.17319467287430917,0.25109316995608993,1.2732234566461458,-0.3929380794257749,0.9950341170993993,18,18,3162,knn,0.0017440982301931097,0.08354090117296148,0.00018,0.03162
369,74379,1.017836250027415,0.11531647007998284,1.44776969296661,1.1537244111246823,0.9899750782716659,18,18,3162,knn,0.0009104415231486097,0.04639709412335753,0.00018,0.03162
370,74389,-0.5859647745678966,0.30499599568713015,1.2335439501065562,-0.6102549776816892,0.9834133744953697,18,18,3162,knn,0.0013145493415707937,0.08178222769678513,0.00018,0.03162
371,74532,0.8314675316839273,-0.17876727655907856,1.2745439160967984,-0.772187009146301,0.9861073731673635,18,18,3162,knn,0.0025031752796667206,0.12772823711683085,0.00018,0.03162
372,74813,0.6140075516671964,0.13054676014838237,1.2456808761105223,-0.44673594034320835,0.9832976062069068,18,18,3162,knn,0.0011455404936805999,0.06121776719762222,0.00018,0.03162
373,75687,-1.0060256728007377,0.36358717095335896,1.2697849181038776,-0.15686388591970726,0.9964077551213859,18,18,3162,knn,0.0011881101728790791,0.08346643580683058,0.00018,0.03162
374,76048,0.3234165795447973,0.19528400827223918,2.7089966364709475,5.8519325092218,0.9570491552072068,18,18,3162,knn,0.004887948069080545,0.04022047120693698,0.00018,0.03162
375,76115,0.9194228963648963,0.13415414580786414,1.4147760168746366,0.9323724511364867,0.9847506234427904,18,18,3162,knn,0.0014573019019160005,0.057887855011104515,0.00018,0.03162
376,76525,0.042760192240399286,-0.19573379707380006,1.2389322359725612,-1.9632462602287644,0.9454893771838647,18,18,3162,knn,0.0033498292578942068,0.1875655759489047,0.00018,0.03162
377,76616,1.2720340976889097,-0.01155174481888212,1.1451579071269962,0.16432719095547688,0.988437817274732,18,18,3162,knn,0.0006821044176249067,0.04746315791848059,0.00018,0.03162
378,76631,1.2212891019252732,0.033197597905832044,0.9242608499780202,-0.8196419523280535,0.9842885538650935,18,18,3162,knn,0.00017510239105062876,0.047662075720488584,0.00018,0.03162
379,76672,1.059357613728225,0.09655960837061321,1.3842216965761795,1.4317093579675857,0.9961990206824731,18,18,3162,knn,0.0006410609920360355,0.033897689106629526,0.00018,0.03162
380,76816,-0.8584051238528307,0.35006163529681017,1.357909729593463,-0.05614619528766814,0.9884710910103042,18,18,3162,knn,0.002015948022074451,0.09696778713022115,0.00018,0.03162
381,77082,1.2643452470921708,0.011727418253013877,1.1712364471825276,0.06164435011188437,0.9931540004542637,18,18,3162,knn,0.0007424340002259456,0.0476385717591479,0.00018,0.03162
382,77301,-0.14013773976113367,0.2855652832058764,0.9483498989048372,-1.5508540848095425,0.9930377530970667,18,18,3162,knn,0.00048766907322799505,0.10654536068995912,0.00018,0.03162
383,77442,-1.0091167477863872,0.36383778420729124,1.2261132646499897,-0.29027433148410864,0.9980694526237508,18,18,3162,knn,0.0011628304591517586,0.08314927472906002,0.00018,0.03162
384,77447,-0.5154447463179536,0.32159499895485494,1.0709294753605842,-0.5184629530506203,0.9980026711152342,18,18,3162,knn,0.0005184638930856339,0.06728870389566494,0.00018,0.03162
385,77627,0.5461307860115706,-0.22623434134344644,1.1485757251867788,-1.4482467049747436,0.9913353958016269,18,18,3162,knn,0.00264962960215781,0.14071529477867906,0.00018,0.03162
386,77682,-0.22364596650280177,0.25999572914290037,1.4235258766584376,-0.36353547265400066,0.9781916308187328,18,18,3162,knn,0.0025580797435403205,0.10184990991737328,0.00018,0.03162
387,77902,1.0355188567813234,0.10576063755428297,1.4538100194302952,1.4268261429991855,0.9918238986704664,18,18,3162,knn,0.0009351872060178492,0.0409408555621763,0.00018,0.03162
388,77931,0.21750748875593395,-0.16643856326471732,1.3961456540414265,-1.0234369397622505,0.9909887563084037,18,18,3162,knn,0.003741650678652787,0.1427311822309105,0.00018,0.03162
389,78329,1.2323422611474095,-0.019756010853725206,1.179619245166221,-0.31070192480167375,0.979298099835303,18,18,3162,knn,0.000859371389119593,0.04243069900585413,0.00018,0.03162
390,78547,0.6661003019182916,-0.20437170261528825,1.1621195938710684,-1.4253100065675228,0.9907046544472464,18,18,3162,knn,0.0026831043020408693,0.1498066054606401,0.00018,0.03162
391,78588,0.5753195542761191,0.1419532569829195,1.3985451890728704,-0.002643210320203261,0.9802181514201768,18,18,3162,knn,0.0017389019109399942,0.05920569253243414,0.00018,0.03162
392,78604,-0.9456701345115603,0.34440240191068705,1.2662159574995326,-0.36913686223487635,0.9911658656091836,18,18,3162,knn,0.001430379605705673,0.0912271231311983,0.00018,0.03162
393,78740,0.9642234446160516,-0.14539785963288912,1.4562094356847808,0.6037745387597896,0.9737138101063212,18,18,3162,knn,0.002005806415734334,0.07969242365042085,0.00018,0.03162
394,79350,-1.0135113873427675,0.35305352801186307,1.3993339697708593,0.2828320076813484,0.9896313461260483,18,18,3162,knn,0.0017198201745176587,0.08279474350371566,0.00018,0.03162
395,79724,0.8487266022795572,0.14316178379324576,1.5042193352725612,0.8687940247812915,0.980810959816697,18,18,3162,knn,0.001625343502438843,0.06995286391475214,0.00018,0.03162
396,79933,-0.7542448594595289,0.32487473786714954,1.096485013126235,-1.1533663377679022,0.9859613817830336,18,18,3162,knn,0.000979335119159967,0.10979001459664296,0.00018,0.03162
397,79946,0.6098202687938699,-0.21659269739367104,1.1491257287811922,-1.4679845679244958,0.9898773917813044,18,18,3162,knn,0.002870605750869972,0.14668262313017866,0.00018,0.03162
398,79961,-0.42364052863354834,-0.33896071748889406,1.0141550309592504,-1.5656000768823026,0.9991350863798659,18,18,3162,knn,0.0008962684527170571,0.14145120490928165,0.00018,0.03162
399,80339,-0.06784141360703819,0.27654482905336125,1.1244467857118299,-0.9490948467863213,0.9896727344180999,18,18,3162,knn,0.0016224919153084883,0.11110908849360251,0.00018,0.03162
400,80503,-1.0569495406659979,0.35776443666091523,1.4289233308968194,0.6204082936466535,0.9723158602365395,18,18,3162,knn,0.0018060380200522262,0.07570270256775877,0.00018,0.03162
401,81077,-0.31412983667605987,0.2719213656820119,1.2377450086416812,-0.5141780481696134,0.9919447619695455,18,18,3162,knn,0.00131534836256411,0.08549956626647517,0.00018,0.03162
402,81201,0.23486519283412882,-0.2664811035400292,1.1135122743031867,-1.5204388948749261,0.9941823233036913,18,18,3162,knn,0.0019082492714543,0.14006017483173425,0.00018,0.03162
403,81296,0.23857297431346483,0.24326147232373577,1.2271303102708477,-0.5831607377427951,0.9946743755563161,18,18,3162,knn,0.001496168549676344,0.0765122430830772,0.00018,0.03162
404,81420,0.33603747014623353,0.20072711461876305,1.4050549119708642,0.8914812037727785,0.9857963762529375,18,18,3162,knn,0.0009493241326782514,0.03573552003753764,0.00018,0.03162
405,81723,0.7947089621887778,0.14708326836115546,1.5167704383952019,0.7053047933804467,0.9836483581087547,18,18,3162,knn,0.001770079628357794,0.07501067363770045,0.00018,0.03162
406,81786,-1.2599133019060973,0.37766817764839367,1.0786791823848845,-0.30165970426704874,0.9825887067146641,18,18,3162,knn,0.0005059407450003482,0.09871784438524754,0.00018,0.03162
407,82186,0.690336022762736,-0.021559111498427423,1.0524344460678223,-0.8331298819148956,0.9907714449540804,18,18,3162,knn,0.0009043493734963241,0.07557650159676597,0.00018,0.03162
408,82401,0.5622020786973776,0.19968170621879974,1.303273500021613,0.053008931447822254,0.9941801410703389,18,18,3162,knn,0.0012295875485033151,0.06383319156858723,0.00018,0.03162
409,82614,-1.2560265929927794,0.3809601088102442,1.155745413985999,-0.08043897182308785,0.9737561925116235,18,18,3162,knn,0.0005898812875270603,0.09516814552726155,0.00018,0.03162
410,82697,-0.759350000730271,0.3245103137295754,1.2768120854673042,-0.5192125243634657,0.9964792915060025,18,18,3162,knn,0.0019567825683661547,0.10917450232615983,0.00018,0.03162
411,82713,1.0780552317032202,-0.12274768983838902,1.1763086461418126,-0.37829200035046245,0.9950969465751633,18,18,3162,knn,0.0008523518190648242,0.07484941295698629,0.00018,0.03162
412,82759,0.7958476289591616,0.15893290291891674,1.3225727292719145,0.2166537224461525,0.9945800781183707,18,18,3162,knn,0.0014737260824349255,0.0746763623005729,0.00018,0.03162
413,83045,-0.3554481681602972,0.2771907123736141,1.087384559220537,-0.9459586865839519,0.9850626693760179,18,18,3162,knn,0.0006674805314959588,0.07949066395129588,0.00018,0.03162
414,83382,0.7909021964678931,-0.010181196654912837,1.0482334247694507,-1.6546080124457272,0.9846345905243538,18,18,3162,knn,0.0010556382475627548,0.11004135626049816,0.00018,0.03162
415,83396,1.0829157303757921,0.09073720438805316,0.9123382978342343,-0.5056080729507886,0.9853362254260579,18,18,3162,knn,0.00014611694982510985,0.03996384443349846,0.00018,0.03162
416,83562,-0.7825340236554402,0.3455812315911633,1.3018454805459585,-0.4655504508761686,0.9917025754610936,18,18,3162,knn,0.0017526927297962236,0.10614411824388335,0.00018,0.03162
417,83801,0.6777502412072298,-0.03110614218767526,1.096418300627537,-0.7944999001837576,0.9972914925135933,18,18,3162,knn,0.0008099345016373318,0.07669842496181002,0.00018,0.03162
418,83871,1.24860478856879,0.02766408665466238,1.1510455470184202,-0.19707220716325982,0.9943337622695262,18,18,3162,knn,0.0006957532642792464,0.04743422891830422,0.00018,0.03162
419,83942,0.37478517496343156,0.1603563757193222,1.502379209159791,0.19014990899505366,0.9651985526204876,18,18,3162,knn,0.0022967287907440567,0.06397020635072481,0.00018,0.03162
420,84015,0.704779576768727,-0.19794183093114046,1.1247450609002978,-1.5130710141291088,0.9956970538347986,18,18,3162,knn,0.0018845870692215491,0.1580596177177606,0.00018,0.03162
421,84247,0.16130781586969462,0.22681104854824657,1.6234781179968094,0.6347793653363384,0.9717276781953135,18,18,3162,knn,0.0024850011170503695,0.08258436702234699,0.00018,0.03162
422,84330,1.0673779157434282,0.09451641555805289,1.3657356539800847,1.564271651553481,0.9884287595608903,18,18,3162,knn,0.0006100683738871193,0.035665717098484144,0.00018,0.03162
423,84337,-0.3931426844229102,0.2825969781391529,1.2567127964719147,-0.46060150471349515,0.9829564034513096,18,18,3162,knn,0.0013738571316295812,0.07686325380329764,0.00018,0.03162
424,84527,0.31228069393885716,0.22143622335597132,1.5307349664449201,1.5267450143877381,0.948163069760261,18,18,3162,knn,0.0011313702251948246,0.04285257634767617,0.00018,0.03162
425,84582,1.0659718608926338,-0.11780210104402054,1.3358690294459947,0.13601290719239018,0.9882733811627736,18,18,3162,knn,0.0014313030452220842,0.0754869320717999,0.00018,0.03162
426,84784,0.34598415320079323,0.21752563075028222,1.9007555941618464,2.6601184178638744,0.9710219152787273,18,18,3162,knn,0.0020725403292431127,0.039324773985170654,0.00018,0.03162
427,85411,0.8055400748080599,0.15966935953182737,1.31596833916618,0.16581403312207268,0.9957775347568875,18,18,3162,knn,0.0012794310433002208,0.07412425173829233,0.00018,0.03162
428,85527,-1.2592585745508267,0.37777728591141635,1.0535819665912702,-0.41377473909622864,0.9847023563466445,18,18,3162,knn,0.0004085994087065344,0.09806636258412699,0.00018,0.03162
429,85698,1.054392564669702,0.08878220522659748,1.9879339936963238,3.2409926772143716,0.9414233901805065,18,18,3162,knn,0.0018789569625426402,0.034989874705862914,0.00018,0.03162
430,85715,1.1019871363992662,-0.10604813014013303,1.2498938001430426,0.01166730722822017,0.9934643865570005,18,18,3162,knn,0.0009559325505807536,0.07265022541656958,0.00018,0.03162
431,85886,0.4955936977524339,-0.12572601085322377,1.5229132685008926,-0.2792894597469918,0.9862776981081098,18,18,3162,knn,0.0037388689054032157,0.12080615366358051,0.00018,0.03162
432,85929,0.7853950972181495,0.1488844958315097,1.5731430757723162,0.9141977383299857,0.9837654073564014,18,18,3162,knn,0.0018828949409873993,0.07499683654280409,0.00018,0.03162
433,86238,0.9815263082701128,0.12402920324459646,1.5401363862234356,1.4490597668989111,0.9913658617341472,18,18,3162,knn,0.0014070151905652146,0.05060051538792433,0.00018,0.03162
434,86431,0.9009361931496773,-0.15994183576127088,1.2949436217343406,-0.047181440251159015,0.9591645575250137,18,18,3162,knn,0.0013827542852790531,0.10150209007525667,0.00018,0.03162
435,86588,0.740935294516238,0.16982085909336894,1.2904156333776486,0.07578376840001794,0.9920955533579778,18,18,3162,knn,0.0015499980967753836,0.07758020355821674,0.00018,0.03162
436,86607,-1.277645689159468,0.38023173983509456,0.9262461799866982,-0.681403763062164,0.9213772569898845,18,18,3162,knn,0.0003712773792773541,0.11653132628693619,0.00018,0.03162
437,86676,-1.265724789447997,0.3784158756468597,1.117777884735479,-0.09447068638395219,0.961800779394891,18,18,3162,knn,0.0005501523916169818,0.10454897704718195,0.00018,0.03162
438,87262,1.2611284254883393,-0.03895462801044176,1.0941909754190713,-0.15664108780868616,0.9970609360394419,18,18,3162,knn,0.0004938804283340304,0.0457934233027277,0.00018,0.03162
439,87490,0.9173695492674594,-0.16143258216582732,0.9555442441192904,-0.9937835444415883,0.9944360607682937,18,18,3162,knn,0.0004222826648560695,0.09518606862234615,0.00018,0.03162
440,87631,1.02796290354637,0.11269884298477396,1.5035852269193275,1.471156580984392,0.9949710759373986,18,18,3162,knn,0.0013242138596136286,0.04420658067340149,0.00018,0.03162
441,87634,-0.8666087286820053,0.33604219771971927,1.2037883907201854,-0.49402274278166114,0.9956013887566751,18,18,3162,knn,0.0014244250615111694,0.09629543388162033,0.00018,0.03162
442,87721,0.5440959803030512,-0.09104662503899959,1.0975288407219668,-1.396945879789858,0.995992543421949,18,18,3162,knn,0.0014079836530996267,0.1330072977610087,0.00018,0.03162
443,88276,0.42302377745742564,-0.2413873076040845,1.174124278005623,-1.3287352763134521,0.9923046369674153,18,18,3162,knn,0.0024827484362931304,0.12504652091398485,0.00018,0.03162
444,88426,0.6539077240630627,0.18341855997719295,1.3446973932643718,0.23633992374277074,0.9924740602535203,18,18,3162,knn,0.0015977728285728313,0.06812268097300328,0.00018,0.03162
445,89023,0.7704385727481533,0.16355670565320957,1.3368551753229396,0.2183302992258373,0.9937766213110371,18,18,3162,knn,0.00124394585041773,0.07550307500137342,0.00018,0.03162
446,89051,0.6476009224884054,0.11971816318425471,1.3915032602264277,0.16467392745714263,0.9936290474367303,18,18,3162,knn,0.0018138079597844825,0.06278621728967883,0.00018,0.03162
447,89338,0.8928318314286793,0.14283502893810798,1.4024306960326172,0.6747158023653473,0.991453604755019,18,18,3162,knn,0.0016589891772413178,0.06295368373770488,0.00018,0.03162
448,89483,0.7661026082393207,-0.03203060718480062,1.1101264870590857,-1.5661567393975881,0.9632906840458793,18,18,3162,knn,0.0014123220265443042,0.10321951792109789,0.00018,0.03162
449,90171,0.9092700327877854,0.1245218761916547,1.7441842294582879,1.7533206105981027,0.9765821765316012,18,18,3162,knn,0.0020942227065433305,0.059733841199377156,0.00018,0.03162
450,90489,-1.2553873136210456,0.38096731971371595,1.2052183963448717,0.11978158046587267,0.975081184325752,18,18,3162,knn,0.000716533132099314,0.09453694280346084,0.00018,0.03162
451,90565,0.4970343675344602,0.20909804626847195,1.3709494950354595,0.3008787038578,0.994956676062743,18,18,3162,knn,0.0013574065992692016,0.05995060708324864,0.00018,0.03162
452,90568,1.2432825734308093,0.031757834776673766,1.1957909571446201,-0.032831629418255216,0.9944661879470948,18,18,3162,knn,0.0007650377807367002,0.047899207555630485,0.00018,0.03162
453,91219,0.9816738939404426,0.11549873527623243,1.378315533941421,0.8845973788733109,0.9918044998976855,18,18,3162,knn,0.0009682130181242513,0.04997837426871153,0.00018,0.03162
454,91248,-0.19380072452687203,0.29045581401077947,1.1659575403437137,-0.8157139141377185,0.9981116338792884,18,18,3162,knn,0.0013303871375729352,0.10566438822891089,0.00018,0.03162
455,91428,0.27033364909128865,0.2393432813959525,1.3004122493253847,-0.2072895230286037,0.9884916307754825,18,18,3162,knn,0.001649530753665435,0.06155228775445713,0.00018,0.03162
456,91573,0.648698125003084,-0.04974987913591657,1.0872824053600343,-0.941795131240873,0.9963920635105029,18,18,3162,knn,0.00105224279280165,0.09247855437260002,0.00018,0.03162
457,91733,-0.819550172841884,0.34865631566859145,1.3623402377556943,-0.2259381071102648,0.9865498979981111,18,18,3162,knn,0.0017699648371456494,0.10139235687970788,0.00018,0.03162
458,91896,-1.2438050315238425,0.38024672868422277,1.2899936675283084,0.27268290232864034,0.9787933539985512,18,18,3162,knn,0.0008239871178235567,0.08293671913325788,0.00018,0.03162
459,91947,1.1367346828497176,-0.1045066708755931,1.1334746382440413,-0.4574638598879126,0.9836818283105798,18,18,3162,knn,0.0007445977439362795,0.07072118076275954,0.00018,0.03162
460,92363,0.7561337058641214,0.16864077417139606,1.31449281240186,0.15276915168381194,0.9930226198769592,18,18,3162,knn,0.0014364166752186152,0.07631832405352444,0.00018,0.03162
461,92607,-0.4626859203229754,-0.2636758989572684,1.2277532002021414,-1.4275119228858164,0.9748659243820841,18,18,3162,knn,0.0024745734580179706,0.13202484168315184,0.00018,0.03162
462,92918,0.3969512211778383,0.1863572741826978,1.0819488753338824,-0.6132943715596834,0.982032913646236,18,18,3162,knn,0.0005475688780779194,0.047320035484716354,0.00018,0.03162
463,92949,-0.33056849966471225,0.3049158483572048,1.1122321354201699,-0.8177461510049019,0.9905213234951263,18,18,3162,knn,0.0009554117568834002,0.08188391257559031,0.00018,0.03162
464,93184,0.3783850997124472,-0.2498980312935037,1.151164990965528,-1.373800167307408,0.9921528284967281,18,18,3162,knn,0.0023281644808602507,0.12395795369523589,0.00018,0.03162
465,93835,0.47400781048285534,-0.2342786674009387,1.1434500393853229,-1.4430075683753587,0.9923560926940954,18,18,3162,knn,0.0024404074280720135,0.13353927331382673,0.00018,0.03162
466,93995,-0.32716824147329837,0.3029861521651493,1.1732487757518215,-0.5890372739716567,0.9890259797469947,18,18,3162,knn,0.0012752423977677027,0.08188169768909691,0.00018,0.03162
467,94826,-0.5988322449581704,-0.3563809907026428,1.1117867749551338,-1.8237447292288858,0.9882749955420735,18,18,3162,knn,0.0018015592978560986,0.17448528983688916,0.00018,0.03162
468,95100,1.0785345399068995,0.0918400177078992,1.0571982745958415,0.4311821230681932,0.9665701758660354,18,18,3162,knn,0.00025561769615638864,0.03867871981406853,0.00018,0.03162
469,95119,-0.6827553032906365,0.3362017033565006,1.2774357431164753,-0.7359569445523255,0.9802087394910513,18,18,3162,knn,0.0015804137621025928,0.11492802864269273,0.00018,0.03162
470,95657,0.6191780071677347,0.08858713202363286,1.0052994015462295,-1.2463477790208102,0.9851251526700292,18,18,3162,knn,0.0006020766069886205,0.07476809885915771,0.00018,0.03162
471,95775,0.6520399377460044,-0.04751507086114085,1.1196375864060129,-0.8495548296355606,0.9975668495581529,18,18,3162,knn,0.00107356981569218,0.09032283236321828,0.00018,0.03162
472,95915,-0.6678036755547533,0.3358062432883097,1.2476108529376027,-0.8105815715185518,0.9851818005991342,18,18,3162,knn,0.0017123613545316065,0.11480788401534338,0.00018,0.03162
473,96054,-0.8566914195848297,0.35176024763479574,1.2954472556982854,-0.3129448379405695,0.9874414925580117,18,18,3162,knn,0.0017172992108122364,0.0972916477307683,0.00018,0.03162
474,96076,0.23457356271369384,-0.16330317226079824,1.4320409284931273,-0.7579513283062226,0.9700561185287458,18,18,3162,knn,0.004038088826936236,0.13736536421609488,0.00018,0.03162
475,96165,0.5603075866382128,0.1461047014576961,1.2316863179696254,-0.5439095078576393,0.9741697623482196,18,18,3162,knn,0.0011771918804344911,0.05919381793937849,0.00018,0.03162
476,96204,0.9842435949583775,0.12312233133522486,1.5168227702426682,1.3800101422286486,0.9928491841790543,18,18,3162,knn,0.0014072627843062242,0.050340308535145685,0.00018,0.03162
477,96431,0.994305635622267,0.11257218025848544,1.4477450723290508,1.1639631490408764,0.9909265987027706,18,18,3162,knn,0.0010488225125077058,0.04845783636243072,0.00018,0.03162
478,96817,0.49954622258129766,0.20767170839643642,1.3732428049034968,0.3225706782614404,0.9938730971123888,18,18,3162,knn,0.001481120885953844,0.05944143632571652,0.00018,0.03162
479,96824,0.5535075778562312,0.14801773304950194,1.272508751766937,-0.3782162919910004,0.9772794669975013,18,18,3162,knn,0.0013640296170665137,0.059016437194379844,0.00018,0.03162
480,96902,1.2486100131474787,0.02748196268694175,1.1322124567914051,-0.27149955856161795,0.994159245253655,18,18,3162,knn,0.0005992357359556742,0.04730563930228,0.00018,0.03162
481,97021,-0.7163780543075555,-0.36703020833030386,1.0420854212731656,-1.996017784171053,0.9974791050739621,18,18,3162,knn,0.001701845355475399,0.1957840062422658,0.00018,0.03162
482,97025,1.207392857311159,0.040139129804268675,1.5292877522841701,1.3903033717897524,0.9849240209293834,18,18,3162,knn,0.0012382697344278284,0.05045863329962814,0.00018,0.03162
483,97102,-0.5337070736856658,0.32300220612103275,1.01408854556097,-0.5861415134485924,0.9957899053665895,18,18,3162,knn,0.0004620239975073807,0.06998069196991367,0.00018,0.03162
484,97175,0.5459789267508173,0.11469965104694459,1.2533675090895935,-0.6931310005047499,0.9823389787495429,18,18,3162,knn,0.0015372088662758232,0.0795601797343247,0.00018,0.03162
485,97422,0.9983568092273118,-0.13702637145109708,1.2483411582794484,-0.22156578838726831,0.9876363356025721,18,18,3162,knn,0.0010978420792564865,0.08240971418853836,0.00018,0.03162
486,97461,-0.5777327158922008,0.32630701839876386,1.2895580442992618,-0.3152212402920944,0.9867729955249376,18,18,3162,knn,0.001493489589719416,0.07894243547543364,0.00018,0.03162
487,97503,0.497141441754932,0.19914428531938907,1.4569391036815473,0.6964506576688193,0.9898406694338385,18,18,3162,knn,0.0012754292121718907,0.057055670282015476,0.00018,0.03162
488,97942,0.027466949086502407,0.22425426989696096,1.1988267202048237,-1.2734710992324074,0.9567180942404142,18,18,3162,knn,0.0016235931947432211,0.1069015713690245,0.00018,0.03162
489,98002,-0.44555094551140206,-0.341607894672948,0.9886932063674618,-1.5806974613198659,0.9977784981518028,18,18,3162,knn,0.0007843688451682956,0.1383503152087499,0.00018,0.03162
490,98168,-1.0300616885456766,0.3548554488312918,1.3727157302307598,0.24503012096782892,0.9901759497281901,18,18,3162,knn,0.00165469028966482,0.0808495685049373,0.00018,0.03162
491,98177,0.3270868707313157,0.17063501554771712,1.263473743931406,-0.6615318180176999,0.8989374302749251,18,18,3162,knn,0.0012743984591682168,0.053648446014595154,0.00018,0.03162
492,98248,-1.0446032798646097,0.36653970037266265,1.2069701810922688,-0.1813400790497692,0.9952983490244321,18,18,3162,knn,0.0010055199053110118,0.0789199478045662,0.00018,0.03162
493,98351,0.3644728178995033,-0.13730095438981735,1.0162036646899955,-1.4579106497496246,0.993925894797476,18,18,3162,knn,0.0007331741872790456,0.12311909850330062,0.00018,0.03162
494,98449,-0.23864450744545807,0.2626714712772176,1.2210206865795867,-1.0252988185003231,0.9508304429589953,18,18,3162,knn,0.0013505537686815305,0.09808147590113352,0.00018,0.03162
495,98455,1.0391828765794109,0.10164035023909371,1.4135676381008138,1.238281542294617,0.9947840574633526,18,18,3162,knn,0.0007768056021658187,0.03913249407347908,0.00018,0.03162
496,98591,0.7311048585360826,0.16314804077789133,1.6334664671935157,1.2474832978234849,0.9730094091619248,18,18,3162,knn,0.002651903851150198,0.07247756075701081,0.00018,0.03162
497,99233,0.5629651517689362,-0.08484540596042647,1.1056465356932554,-1.3588306770324932,0.9944959873968453,18,18,3162,knn,0.0012586324904780523,0.1344538793379841,0.00018,0.03162
498,99609,-0.8350410848087315,-0.3774440054795522,0.9749201549102235,-1.841260965299311,0.9940187587594518,18,18,3162,knn,0.0012483062365374036,0.27359709684839495,0.00018,0.03162
499,99853,-0.466471640717657,0.31750660971105527,1.1256959084420126,-0.6059728135102808,0.9954437395002996,18,18,3162,knn,0.0009209937644070542,0.07075219709143964,0.00018,0.03162
